time_s,position_mm,velocity_m_s,current_A,force_N,restoring_force_N,back_emf_V,flux_linkage_Wb
0.0,0.0,0.0,0.0,-0.0,5.0,0.0,0.0
0.0001,0.0,0.0,0.0022497430395327475,0.008221334746776332,5.0,0.0,0.01999999465593807
0.0002,0.0,0.0,0.004494427974457406,0.03281137886082357,5.0,0.0,0.03995498346413096
0.00030000000000000003,0.0,0.0,0.006734070621899872,0.07365962867956592,5.0,0.0,0.05986506775037463
0.0004,0.0,0.0,0.00896868670322159,0.1306561600411906,5.0,0.0,0.07973034852277538
0.0005,0.0,0.0,0.011198291844701082,0.2036916251344225,5.0,0.0,0.09955092647370413
0.0006000000000000001,0.0,0.0,0.01342290157821266,0.2926572493699988,5.0,0.0,0.1193269019816365
0.0007,0.0,0.0,0.015642531341893827,0.3974448282739593,5.0,0.0,0.139058375113046
0.0008,0.0,0.0,0.017857196480842517,0.5179467244034323,5.0,0.0,0.158745445624409
0.0009000000000000001,0.0,0.0,0.020066912247763764,0.6540558642760217,5.0,0.0,0.1783882129629721
0.001,0.0,0.0,0.02227169380439084,0.8056657353127314,5.0,0.0,0.1979867762668798
0.0011,0.0,0.0,0.024471556222755174,0.9726703828555056,5.0,0.0,0.2175412343714611
0.0012000000000000001,0.0,0.0,0.026666514485230733,1.154964407118645,5.0,0.0,0.2370516858095001
0.0013000000000000002,0.0,0.0,0.028856583484988027,1.352442960294749,5.0,0.0,0.256518228813986
0.0014,0.0,0.0,0.03104177802639093,1.565001743506898,5.0,0.0,0.2759409613167386
0.0015,0.0,0.0,0.03322211282710695,1.792537003876261,5.0,0.0,0.2953199809493244
0.0016,0.0,0.0,0.035397602518765066,2.034945531672915,5.0,0.0,0.3146553850499657
0.0017000000000000001,0.0,0.0,0.03756826164690936,2.292124657396733,5.0,0.0,0.333947270665338
0.0018000000000000002,0.0,0.0,0.03973410467156014,2.56397224879156,5.0,0.0,0.3531957345430649
0.0019,0.0,0.0,0.041895145969540054,2.85038670817484,5.0,0.0,0.3724008731457162
0.002,0.0,0.0,0.04405139983352648,3.151266969454536,5.0,0.0,0.3915627826442999
0.0021000000000000003,0.0,0.0,0.04620288047358298,3.466512495414311,5.0,0.0,0.4106815589256165
0.0022,0.0,0.0,0.04834960201703817,3.796023274703869,5.0,0.0,0.4297572975811507
0.0023,0.0,0.0,0.050491578512708954,4.139699819366769,5.0,0.0,0.4487900939267652
0.0024000000000000002,0.0,0.0,0.05262882392749602,4.497443161911092,5.0,0.0,0.4677800429953543
0.0025,0.0,0.0,0.05476135214897716,4.86915485256349,5.0,0.0,0.4867272395371197
0.0026000000000000003,0.0,0.0,0.05688917698479497,5.254736956754253,5.0,0.0,0.5056317780324532
0.0027,4.2456159459042024e-07,4.2456159459042096e-06,0.059012312162190154,5.65416250562398,5.000000636842392,0.0,0.5245052311245093
0.0028,1.939392970483484e-06,1.5148313758930661e-05,0.061130715627577506,6.06766172197621,5.0000029090894555,0.0008315714105846064,0.543337578534383
0.0029000000000000002,5.23365570118782e-06,3.2942627307043276e-05,0.06324438156786315,6.494275926297114,5.000007850483552,0.0030660631625864378,0.5621147087914742
0.003,1.1018365224914736e-05,5.784709523726926e-05,0.0653533554862141,6.934416387488158,5.000016527547837,0.006855416045630559,0.5808502079769482
0.0031000000000000003,2.0027074515208894e-05,9.008709290294136e-05,0.06745762706968987,7.388415166879181,5.000030040611773,0.012407586271952027,0.5995586619504963
0.0032,3.301642568261535e-05,0.00012989351167406473,0.06955713271566513,7.854372110887031,5.0000495246385235,0.019960468817611977,0.6181721038187097
0.0033,5.0762981160435965e-05,0.00017746555477820644,0.07165203539666735,8.335023157542134,5.00007614447174,0.030104079752344037,0.6367919898059712
0.0034000000000000002,7.406778166004067e-05,0.00023304800499604646,0.07374216001381362,8.827573568429518,5.00011110167249,0.04222625889919978,0.6553604217150006
0.0035,0.00010375168627090697,0.00029683904610866346,0.0758275209955577,9.333933429427333,5.000155627529407,0.05673495285583858,0.6738780365161466
0.0036000000000000003,0.00014065855388493664,0.00036906867614029573,0.07790811706903486,9.854169364993853,5.000210987830828,0.07469508831039252,0.6924030083164006
0.0037,0.00018565535212757114,0.000449967982426346,0.07998378888905697,10.38491443251786,5.0002784830281914,0.09445800006773332,0.7108161160717569
0.0038,0.00023962654361935507,0.0005397119149178403,0.08205470378815016,10.93092506514319,5.000359439815429,0.11859438665718229,0.7292508239276865
0.0039000000000000003,0.0003034820111533522,0.0006385546753399699,0.08412068872349956,11.48727964678766,5.00045522301673,0.1426964878546462,0.7475778988997244
0.004,0.0003781488527269673,0.0007466684157361519,0.08618181414676071,12.05828746987009,5.0005672232790905,0.17766687073471485,0.7659143187796665
0.0041,0.0004645785613782344,0.0008642970865126689,0.0882379741218194,12.64020584106885,5.000696867842067,0.21024780795280296,0.7841812543393745
0.004200000000000001,0.0005637407849848796,0.0009916222360664489,0.090289170572276,13.23535725198536,5.0008456111774775,0.24989218862388216,0.8024188265208181
0.0043,0.0006766271946595368,0.0011288640967465793,0.09233531400121206,13.84194162303324,5.00101494079199,0.29523034315746666,0.8205585795470582
0.0044,0.0008042484821379305,0.0012762128747839338,0.09437652010360259,14.46287373657484,5.001206372723207,0.3432242966985495,0.8387758114499982
0.0045000000000000005,0.0009476392152227437,0.001433907330848128,0.09641243527253653,15.0947297829437,5.0014214588228345,0.3971558671680587,0.8568727599453072
0.0046,0.001107852128847757,0.0016021291362501415,0.09844321692491054,15.73939819651452,5.001661778193272,0.4545073510755186,0.8749694678972342
0.0047,0.0012859612698366404,0.0017810914098888293,0.10046867878538784,16.39598249324637,5.001928941904755,0.5202794235656427,0.892993300122265
0.0048000000000000004,0.00148306050007776,0.0019709923024111902,0.10248882108563867,17.06531552327391,5.002224590750116,0.5928297624428313,0.9110071375904994
0.0049,0.001700264881873084,0.0021720438179532522,0.10450350993757891,17.74473587502382,5.00255039732281,0.6713611966303596,0.9289457786155353
0.005,0.0019387062394645783,0.002384413575914936,0.10651276996234509,18.43655833759482,5.002908059359197,0.7545387061456925,0.9468742721195321
0.0051,0.0021995370141864655,0.002608307747218864,0.10851645943403651,19.13777066474878,5.0032993055212795,0.844625363141969,0.9647195144838251
0.005200000000000001,0.0024839252411737317,0.002843882269872656,0.11051449288251308,19.85108331998509,5.00372588786176,0.9503685996724531,0.9825245215210363
0.0053,0.0027930590638812008,0.00309133822707471,0.11250691799249019,20.57901388582619,5.004189588595822,1.0514836848983096,1.000336108549223
0.0054,0.0031281509270840568,0.00335091863202855,0.11449339403094885,21.31834625304289,5.004692226390626,1.1745217216985087,1.018106086961827
0.0055000000000000005,0.0034904322136646666,0.0036228128658060887,0.11647408299008531,22.06866843936012,5.005235648320497,1.283257767622898,1.035810810463641
0.0056,0.0038811525548970056,0.003907203412323414,0.11844864637627751,22.83115940691958,5.005821728832346,1.4264667968812508,1.053508770354091
0.0057,0.004301581792259494,0.004204292373624868,0.12041740058636571,23.60474033164662,5.006452372688389,1.5355365086391568,1.071151302641237
0.0058000000000000005,0.004753008176220245,0.004514263839607506,0.12237972702412256,24.39095943202491,5.0071295122643305,1.7023699172487292,1.088666661227313
0.0059,0.005236740943380594,0.004837327671603514,0.12433543323884519,25.18566730637613,5.007855111415071,1.8996490825328693,1.106200940716955
0.006,0.0057541033975325485,0.005173624541519532,0.12628487820372086,25.98152494386672,5.008631155096299,2.054712046129326,1.123774149593616
0.0061,0.006306420674665787,0.005523172771332374,0.12822781813019793,26.80658464302627,5.009459631011999,2.2191455597584735,1.141437328994444
0.006200000000000001,0.006895066493485716,0.005886458188199279,0.1301651258616838,27.63363135691074,5.010342599740229,2.286505463539667,1.158812984594577
0.0063,0.007521417793567591,0.006263513000818785,0.1320951816555691,28.47899531739076,5.011282126690351,2.5361331500610618,1.176291310154024
0.0064,0.008186881948967306,0.006654641553997126,0.13401871624899359,29.3291978006935,5.012280322923451,2.698762597621507,1.1936311521372
0.006500000000000001,0.008892874300163304,0.0070599235119599615,0.13593517252844284,30.19103873603296,5.013339311450245,2.925264992612365,1.210940208448238
0.0066,0.0096408294837336,0.007479551835703004,0.13784507250531233,31.07112415980395,5.0144612442256005,3.1035161505708335,1.228306006402844
0.0067,0.010432212438829866,0.007913829550962644,0.13974814042816416,31.95616256633897,5.015648318658245,3.293156498273071,1.245570417798513
0.0068000000000000005,0.011268496251005601,0.008362838121757324,0.14164474662575863,32.86047090057942,5.016902744376508,3.4583340790661006,1.262849103656917
0.006900000000000001,0.01215118601010834,0.008826897591027373,0.1435344868450979,33.7686646656931,5.018226779015163,3.6527984779881923,1.280039488373228
0.007,0.013081793165688868,0.009306071555805337,0.14541650860496708,34.68763209016328,5.019622689748533,3.929679466834501,1.297189795886366
0.0071,0.014061847003603429,0.009800538379145584,0.1472905667968374,35.6244270094874,5.021092770505405,4.227912245876003,1.31438947104011
0.007200000000000001,0.01509290639858296,0.010310593949795286,0.14915726247896252,36.56839926482139,5.022639359597874,4.460798342791051,1.33151093503885
0.0073,0.016176542060071186,0.010836356614882341,0.1510161074845334,37.51796401947062,5.024264813090107,4.7421865340666605,1.348483933080703
0.0074,0.017314333886903392,0.011377918268322018,0.15286561386639064,38.4869821418188,5.025971500830355,5.1691514760598825,1.365584325551108
0.007500000000000001,0.018507894064803913,0.01193560177900516,0.1547054996630988,39.47501032038382,5.027761841097206,5.59959086565844,1.38244810881372
0.0076,0.01975886632350323,0.012509722586993266,0.15653442081546465,40.46131977636789,5.029638299485255,6.171716622575035,1.399374955331928
0.0077,0.021068891384664033,0.013100250611607977,0.1583543019826894,41.45913631530451,5.031603337076996,6.557825484803517,1.416187564629705
0.0078000000000000005,0.022439629000788545,0.013707376161245104,0.16016381062030904,42.46271381580139,5.0336594435011826,7.0706122240431855,1.432959857745638
0.0079,0.023872748374200226,0.014331193734116777,0.16196045082449112,43.47997345738079,5.0358091225613,7.804114977530639,1.449741232220236
0.008,0.025369941354836594,0.014971929806363764,0.16374765941200198,44.50878814591063,5.038054912032255,8.222522232688378,1.466486433209565
0.0081,0.02693291889086276,0.015629775360261732,0.16552482811113595,45.54875946450796,5.040399378336294,8.694465078875206,1.483207642733284
0.0082,0.028563410360365905,0.01630491469503127,0.16729187925895933,46.60448021637907,5.0428451155405485,9.171023966598948,1.500116125752396
0.0083,0.03026317122170375,0.016997608613378574,0.16905125324422085,47.66335630317888,5.045394756832556,9.405519289891119,1.516650763468346
0.008400000000000001,0.03203396201895221,0.017707907972484355,0.17080203672197078,48.73973735907995,5.048050943028429,9.757875438647709,1.533302178563407
0.0085,0.03387757229356072,0.01843610274608521,0.17254017327397833,49.85582286660868,5.050816358440341,10.457388065343793,1.550054594764456
0.0086,0.035795857579016176,0.019182852854554677,0.17427036145139724,50.95364373000739,5.053693786368524,10.721344035446444,1.566620867171388
0.008700000000000001,0.037790642781044395,0.019947852020282,0.1759905805133619,52.06555082810107,5.0566859641715665,11.182210347790948,1.583185035682084
0.0088,0.03986377609117913,0.020731333101347487,0.17769982883905297,53.19070350961894,5.059795664136769,11.729501603794297,1.59963276697553
0.0089,0.042017127581056336,0.021533514898772185,0.17939549425421794,54.33314902785684,5.0630256913715845,12.518161686438424,1.616331247256493
0.009000000000000001,0.044252595943161055,0.02235468362104695,0.18107979858829837,55.47691191578875,5.066378893914742,13.079149073456362,1.632746111999658
0.0091,0.04657208186030219,0.02319485917141151,0.1827485667468257,56.63484280927075,5.069858122790453,14.037876951710276,1.649108654005705
0.0092,0.04897750941858746,0.024054275582852846,0.18440251614659917,57.80153133730848,5.073466264127881,14.9315346647355,1.665465913893345
0.009300000000000001,0.05147081708532807,0.024933076667405865,0.1860437962995943,58.98099384651323,5.077206225627992,15.627804482298963,1.681741377138508
0.0094,0.05405396439810345,0.025831473127753947,0.18767571253703025,60.17988708935324,5.081080946597155,16.030713431958976,1.698333720941649
0.0095,0.05672894305445009,0.026749786563466542,0.1892976728102292,61.38839801948991,5.085093414581675,16.458191067339367,1.714630031683496
0.009600000000000001,0.05949776055180495,0.027688174973548356,0.1909083024474773,62.60884245189047,5.0892466408277075,17.033535096382963,1.730904885094639
0.0097,0.06236244404217821,0.02864683490373273,0.19250101875420034,63.83174694601077,5.093543666063267,18.202198755020916,1.74699438849275
0.0098,0.06532502453801804,0.029625804958398515,0.1940738709584157,65.08087861611658,5.097987536807027,19.557510363511447,1.763304877259868
0.0099,0.0683875765189901,0.030625519809720354,0.19563144883375758,66.33795008503785,5.1025813647784855,20.47590070379157,1.779487656753262
0.01,0.07155218744782922,0.03164610928839134,0.1971755677563401,67.60577153939668,5.1073282811717435,21.23786144103418,1.795586009380062
0.010100000000000001,0.07482096244876543,0.03268775000936176,0.1987044355724779,68.88855242936316,5.112231443673148,22.16706405873293,1.811878980890699
0.0102,0.07819603131801107,0.03375068869245659,0.20023400781438289,70.19400094535071,5.117294046977016,21.63356565912956,1.828023320285914
0.0103,0.08167956136542066,0.03483530047409615,0.20174576040623501,71.50804517535691,5.122519342048131,22.795419347194578,1.844203857554971
0.010400000000000001,0.08527373395588583,0.03594172590465131,0.20324520800203233,72.82933704050129,5.127910600933829,23.451367430394857,1.860114992084698
0.0105,0.08898074225708355,0.03707008301197743,0.20472227239250848,74.17238334131567,5.1334711133856255,25.04303012506734,1.876253434066984
0.0106,0.09280281541199449,0.03822073154910959,0.20617149770357768,75.50811012955768,5.139204223117992,27.112326646412534,1.892017512527675
0.010700000000000001,0.09674217007674957,0.039393546647550265,0.20759650540633218,76.8673892004951,5.145113255115124,28.874284459612255,1.907851838040081
0.0108,0.1008010618680802,0.04058891791330659,0.2090044485794803,78.25545410248803,5.151201592802121,29.976523487056422,1.923963619135034
0.0109,0.10498179408026032,0.04180732212180135,0.2104045305530039,79.65077949438773,5.1574726911203905,30.219262245665103,1.939987097776328
0.011000000000000001,0.10928668180377928,0.04304887723518915,0.21178585626707871,81.07238600366586,5.163930022705669,31.46736489907403,1.955921885661251
0.0111,0.11371808362059976,0.04431401816820515,0.2131397362738603,82.49186886215188,5.170577125430899,33.51845746212544,1.971732675120883
0.0112,0.11827835425698145,0.04560270636381716,0.2144822068513861,83.92396716699034,5.177417531385472,34.104865647845216,1.987636766226021
0.011300000000000001,0.1229698691427559,0.04691514885774392,0.21580819487575262,85.37191887411905,5.184454803714134,35.15413332194094,2.003392546288097
0.0114,0.12779502980198093,0.04825160659225066,0.21711399646714802,86.84493811162902,5.191692544702971,36.55536424216209,2.01914630340305
0.0115,0.1327562792038175,0.049612494018366086,0.2184002542292157,88.34191239573781,5.199134418805726,37.89918848996427,2.034951218615342
0.011600000000000001,0.13785609990228237,0.050998206984648305,0.21966107421793005,89.83390705488894,5.206784149853424,39.78707394552069,2.050655966659111
0.0117,0.1430969658055889,0.052408659033065554,0.22089160794323123,91.34368010624121,5.214645448708383,42.13222789139488,2.066246182225231
0.0118,0.14848138009999132,0.053844142944024426,0.22208747470643103,92.88901317448892,5.222722070149987,44.893309097552674,2.082043732473475
0.0119,0.15401190487956773,0.05530524779576342,0.2232784601971448,94.44976947087834,5.231017857319352,44.879915717886746,2.097814898387431
0.012,0.15969112757849996,0.05679222698932273,0.22444050900454168,96.02293115012318,5.23953669136775,47.11186583200853,2.11360625535538
0.012100000000000001,0.16552165593486357,0.05830528356363534,0.22559457340304942,97.61964944341183,5.248282483902296,47.392948822723994,2.129246738457826
0.0122,0.1715061365694929,0.05984480634629382,0.2267213562265223,99.25306609021179,5.25725920485424,49.490488043755576,2.144932947340137
0.0123,0.1776472768822645,0.06141140312771644,0.22782269042559966,100.8767443502259,5.266470915323397,51.42035534269905,2.160524249540771
0.012400000000000001,0.18394776765076107,0.06300490768496483,0.2288725830078178,102.4225191187167,5.275921651476142,55.80342787982624,2.177023009045978
0.0125,0.19041016941503625,0.06462401764275216,0.22998514798947903,104.2481194427539,5.285615254122554,49.411084339664,2.192367863268191
0.0126,0.19703750868629247,0.06627339271256268,0.23103248681750482,105.9889135470783,5.295556263029439,55.13625875363958,2.207960491926237
0.012700000000000001,0.2038326702196889,0.0679516153339635,0.23201036630831567,107.6860707841488,5.305749005329534,61.265770298896456,2.22310956841169
0.0128,0.21079846562271656,0.06965795403027715,0.2329244211697484,109.3382848523325,5.316197698434075,66.89940897707079,2.239470175798027
0.0129,0.21793763117100073,0.07139165548284211,0.23389354547134286,111.1924307533609,5.326906446756501,61.1989634418463,2.254549177889345
0.013000000000000001,0.22525323925979604,0.07315608088795221,0.23477941335782399,112.9266613190983,5.3378798588896945,68.72742792057085,2.269985780147143
0.0131,0.23274816198435822,0.07494922724562235,0.23564643043561675,114.6934820167112,5.349122242976537,70.11316265912536,2.285481007050147
0.0132,0.2404253253085433,0.07677163324185125,0.2365043328254458,116.5342224961652,5.360637987962815,70.57227051076369,2.300989458021281
0.013300000000000001,0.24828777794024218,0.07862452631698798,0.23729264968852268,118.3746726409544,5.372431666910363,76.85521945207623,2.316585924181962
0.0134,0.256338567640231,0.0805078969998887,0.2380529776435872,120.2371062795509,5.384507851460347,79.15499965124712,2.332014538084665
0.0135,0.26458077833759996,0.08242210697369019,0.23879980691183328,122.1278266079501,5.3968711675064,80.07311041310902,2.347499511029669
0.013600000000000001,0.2730175406273698,0.08436762289769761,0.23950415071132009,124.0914455341633,5.409526310941055,83.81475371561604,2.3631365461287
0.0137,0.2816521061158449,0.08634565488475131,0.2401914271337147,125.9861180101484,5.422478159173767,85.10023472686107,2.378305012386947
0.013800000000000002,0.2904876110040718,0.08835504888226757,0.24079619115859036,127.9645105422193,5.4357314165061075,92.81147129032856,2.393799110837619
0.013900000000000001,0.2995273305241747,0.09039719520102944,0.24138959267487745,129.909162005709,5.449290995786262,93.58430595954157,2.409221186807508
0.014,0.30877448316262746,0.09247152638452814,0.2419554638581128,132.0885426036139,5.463161724743941,95.96190022214049,2.424450638298872
0.014100000000000001,0.3182326781025452,0.094581949399176,0.24252824498630055,134.2923355605348,5.477349017153818,94.95767801604589,2.439870149802855
0.0142,0.3279055646867017,0.09672886584156566,0.24299245282704823,136.3702313791606,5.491858347030052,105.41057382713052,2.455293868559791
0.0143,0.3377965818925784,0.09891017205876783,0.24342454404127092,138.504716517848,5.506694872838867,108.32847434567421,2.470612200210021
0.014400000000000001,0.34790926246786363,0.10112680575285134,0.2438297655203506,140.6920269441638,5.521863893701796,110.75156461581149,2.486213164169131
0.0145,0.35824722664823283,0.10337964180369236,0.24416050214130477,142.8601954298916,5.53737083997235,117.98210847970931,2.501600656533032
0.0146,0.3688140622029185,0.10566835554685766,0.2445041359183013,145.1128219319397,5.553221093304378,116.46228541862216,2.516790686539108
0.014700000000000001,0.37961349709233544,0.10799434889416827,0.24472919595886738,147.375322492243,5.569420245638503,128.26965766804358,2.532164778034107
0.0148,0.3906492751521632,0.11035778059827833,0.24495133939946778,149.6931253704246,5.585973912728245,128.41034785849865,2.547549220872839
0.0149,0.4019252317977538,0.1127595664559066,0.2451035461167054,152.0142560708106,5.602887847696631,135.41939676254358,2.562798067073444
0.015000000000000001,0.4134452073903831,0.11519975592629186,0.2452196795869495,154.3834419277957,5.620167811085574,139.02382146149924,2.577927962865188
0.0151,0.42521312177320675,0.11767914382823702,0.2453087998663914,156.8523449167601,5.63781968265981,141.73460014133087,2.593403426147799
0.0152,0.4372330603647539,0.12019938591547201,0.24527680716948402,159.3094821308665,5.655849590547131,154.26615129280077,2.608743174894329
0.015300000000000001,0.44950908834386843,0.12276027979114403,0.24525837335330733,161.742249469016,5.674263632515803,152.87309759661653,2.623646932418005
0.0154,0.4620452296327103,0.125361412888419,0.24511895887949614,164.4007705712207,5.693067844449065,165.61262287845003,2.638662856644483
0.0155,0.47484588375943004,0.12800654126719851,0.24494767318124178,167.0651375423419,5.712268825639145,169.1000294649787,2.654616927058507
0.015600000000000001,0.4879154593340112,0.13069575574581027,0.24488818257442174,169.9372705394378,5.731873189001017,157.345342898617,2.670839832476256
0.015700000000000002,0.5012587105708431,0.13343251236831757,0.24466277840910353,172.7533969659014,5.7518880658562646,175.16774953359672,2.68610815902776
0.0158,0.5148802976558415,0.136215870849985,0.2442837006446144,175.5408468177639,5.7723204464837625,191.92808738952797,2.701713282644376
0.0159,0.5287848322847921,0.1390453462895063,0.2438884786162021,178.3414900193667,5.793177248427188,194.04114565041752,2.716884923046391
0.016,0.5429769474350276,0.14192115150235526,0.24339883183475583,181.2174791821294,5.8144654211525415,204.732274989072,2.732320521912905
0.0161,0.5574614009415313,0.1448445350650382,0.24287882707559383,184.1692730730176,5.836192101412297,208.56152100603086,2.74764109106974
0.0162,0.5722430762496543,0.1478167530812316,0.24221293577321643,187.114355181297,5.858364614374482,225.26094766912266,2.762460060330751
0.016300000000000002,0.5873268448753894,0.15083768625734706,0.24146372200783603,190.3502634159933,5.880990267313084,235.2733507571708,2.777822907387711
0.0164,0.6027180622897051,0.1539121741431584,0.24075621602020758,193.5233337798292,5.904077093434558,231.41224200249465,2.793706155479672
0.0165,0.6184219784651649,0.15703916175459828,0.2399765843422707,196.8860963178898,5.927632967697747,240.397057869623,2.809549997715336
0.0166,0.6344441587462083,0.1602218028104348,0.23916471636441106,200.4591928307147,5.951666238119312,244.99136216565452,2.826109346877872
0.0167,0.6507905182382393,0.16346359492031137,0.23820264199280353,203.8860039131068,5.976185777357359,263.32237064674683,2.841931759238041
0.016800000000000002,0.6674667274271638,0.16676209188924063,0.23709990737524841,207.3389166911788,6.0012000911407455,280.92559430584413,2.857754870633326
0.016900000000000002,0.6844784994770878,0.17011772049924123,0.23600352729864912,210.9998694094176,6.026717749215631,281.641255914189,2.873805090379242
0.017,0.7018318934464455,0.17353393969357792,0.23477944388895305,214.6115659674213,6.052747840169668,298.28870372577916,2.889534863128394
0.0171,0.7195328854460152,0.17700991999569876,0.23348014472813505,218.3920009930373,6.079299328169023,309.0325210093082,2.905482593155017
0.0172,0.7375877319483598,0.18054846502344654,0.23205098372155758,222.2494202044918,6.10638159792254,326.6779557674962,2.921115272479289
0.0173,0.756002816848382,0.18415084900022266,0.23049908475579264,226.2195345010617,6.134004225272573,343.90450351586543,2.936603540194761
0.017400000000000002,0.7747847109655311,0.18781894117148593,0.22889110269943205,230.1277916228536,6.162177066448296,353.3353511696124,2.953789109400045
0.0175,0.7939398811069402,0.19155170141409267,0.22715668720244656,234.7158398416491,6.19090982166041,371.9486942444676,2.970104381154936
0.0176,0.813475926131716,0.1953604502477591,0.22539836598430715,239.2951741273041,6.220213889197574,378.0376786771308,2.987043362297344
0.0177,0.8334004294235553,0.19924503291839418,0.22340222583138136,244.1282799593762,6.250100644135333,411.83557933463135,3.003084755769565
0.0178,0.8537213963475867,0.20320966924031483,0.2213439019544975,248.9328011647413,6.28058209452138,423.8113702741179,3.019732973470562
0.0179,0.8744467836367351,0.20725387289148514,0.21906793880804368,253.0804842344859,6.311670175455102,456.7582394134497,3.035305343238588
0.018000000000000002,0.8955834522826494,0.21136668645913578,0.21665273034074697,258.6699553643824,6.343375178423974,480.3106161313789,3.05022198417154
0.0181,0.9171406652288727,0.21557212946223506,0.2141380744158742,263.6287798245446,6.375710997843309,499.2530752327463,3.066965847842921
0.0182,0.9391266332898073,0.2198596806093467,0.2116770869231305,269.4777006549116,6.408689949934711,497.876028440276,3.085199241819015
0.0183,0.9615510497019167,0.2242441641210963,0.20901702284818796,275.2796128855097,6.442326574552875,531.9860425896003,3.102474562679798
0.0184,0.9844235282578778,0.2287247855596122,0.20596182807272473,280.9489278888847,6.476635292386817,595.4889997154866,3.118488481022762
0.018500000000000003,1.007753460634834,0.23329932376955398,0.20285658870698053,287.4017728147096,6.511630190952251,611.6136929241137,3.13472936794397
0.018600000000000002,1.0315515432494955,0.2379808261466166,0.19959585658909298,293.2742575946285,6.547327314874243,644.0462707864359,3.152314632173345
0.0187,1.05582750408129,0.2427596083179458,0.19631316206297794,300.7615165543177,6.583741256121935,657.9772752583874,3.171040032145692
0.0188,1.080593761205248,0.24766257123958235,0.19273418431555875,308.0259105437933,6.620890641807872,715.0158501263426,3.188908113651626
0.0189,1.09,0.0,0.18905167852023047,304.0522403734125,6.635,744.6142880222966,3.159334078654644
0.019,1.09,0.0,0.19006500980846833,307.1809290221881,6.635,0.0,3.175552956856265
0.019100000000000002,1.09,0.0,0.19107791515980643,310.3216704089505,6.635,0.0,3.191751570473784
0.019200000000000002,1.09,0.0,0.19209040203109073,313.4744055669607,6.635,0.0,3.207929928028204
0.0193,1.09,0.0,0.1931024778726222,316.6390755999938,6.635,0.0,3.224088037883594
0.0194,1.09,0.0,0.1941141502037831,319.815621692988,6.635,0.0,3.24022590825558
0.0195,1.09,0.0,0.1951254265630605,323.0039851067901,6.635,0.0,3.256343547208172
0.0196,1.09,0.0,0.1961363145679398,326.2041071828514,6.635,0.0,3.272440962646017
0.019700000000000002,1.09,0.0,0.19714682189499855,329.4159293523073,6.635,0.0,3.288518162335783
0.0198,1.09,0.0,0.19815695613854536,332.6393930913336,6.635,0.0,3.304575153890372
0.0199,1.09,0.0,0.19916672481986214,335.8744399571734,6.635,0.0,3.320611944768485
0.02,1.09,0.0,0.20017613539897816,339.1210115714071,6.635,0.0,3.336628542273211
0.0201,1.09,0.0,0.2011851953651165,342.3790496211066,6.635,0.0,3.352624953548494
0.020200000000000003,1.09,0.0,0.20219391228762199,345.6484959059681,6.635,0.0,3.368601185594879
0.020300000000000002,1.09,0.0,0.20320229370669304,348.9292922245692,6.635,0.0,3.384557245255448
0.0204,1.09,0.0,0.20421034728930837,352.2213805498269,6.635,0.0,3.400493139214384
0.0205,1.09,0.0,0.2052180810452536,355.5247028798729,6.635,0.0,3.416408873954424
0.0206,1.09,0.0,0.2062255038693449,358.8392013882896,6.635,0.0,3.432304455808583
0.0207,1.09,0.0,0.20723262528374295,362.1648183016415,6.635,0.0,3.44817989093962
0.020800000000000003,1.09,0.0,0.20823945530384985,365.5014960278265,6.635,0.0,3.464035185328045
0.020900000000000002,1.09,0.0,0.2092460042896479,368.8491768821248,6.635,0.0,3.479870344746166
0.021,1.09,0.0,0.21025228295221488,372.207803320738,6.635,0.0,3.495685374765463
0.0211,1.09,0.0,0.21125830229395431,375.5773179491474,6.635,0.0,3.511480280745327
0.0212,1.09,0.0,0.21226407342882092,378.9576631480844,6.635,0.0,3.527255067812865
0.0213,1.09,0.0,0.21326960770791262,382.3487815027563,6.635,0.0,3.543009740879097
0.021400000000000002,1.09,0.0,0.21427491659252804,385.7506155663834,6.635,0.0,3.558744304623853
0.021500000000000002,1.09,0.0,0.2152800117885085,389.1631080069727,6.635,0.0,3.574458763495311
0.0216,1.09,0.0,0.21628490504896003,392.5862013776747,6.635,0.0,3.590153121701707
0.0217,1.09,0.0,0.2172896082317725,396.019838230988,6.635,0.0,3.605827383210742
0.0218,1.09,0.0,0.21829413341864184,399.4639613125779,6.635,0.0,3.621481551758262
0.0219,1.09,0.0,0.21929849265020027,402.9185131453236,6.635,0.0,3.637115630828722
0.022000000000000002,1.09,0.0,0.22030269802191355,406.3834362563853,6.635,0.0,3.652729623661046
0.0221,1.09,0.0,0.22130676185756298,409.858673366944,6.635,0.0,3.668323533251396
0.0222,1.09,0.0,0.22231069642187465,413.3441669715346,6.635,0.0,3.683897362346715
0.0223,1.09,0.0,0.22331451404007913,416.839859644646,6.635,0.0,3.69945111344671
0.0224,1.09,0.0,0.22431822696194895,420.3456937781588,6.635,0.0,3.714984788798218
0.022500000000000003,1.09,0.0,0.22532184742858521,423.8616117906759,6.635,0.0,3.730498390402373
0.022600000000000002,1.09,0.0,0.22632538780495512,427.3875561436634,6.635,0.0,3.745991920009855
0.0227,1.09,0.0,0.22732886037340563,430.9234691619848,6.635,0.0,3.761465379116218
0.0228,1.09,0.0,0.2283322777762477,434.4692926514825,6.635,0.0,3.776918768986827
0.0229,1.09,0.0,0.22933565176945175,438.0249700205276,6.635,0.0,3.792352090597829
0.023,1.09,0.0,0.23033899475224132,441.590443230259,6.635,0.0,3.807765344719498
0.023100000000000002,1.09,0.0,0.2313423188423713,445.1656545743865,6.635,0.0,3.823158531856588
0.023200000000000002,1.09,0.0,0.23234563629871352,448.7505464256408,6.635,0.0,3.838531652266605
0.0233,1.09,0.0,0.23334895958728935,452.3450609365545,6.635,0.0,3.853884705966779
0.0234,1.09,0.0,0.2343523005629066,455.9491408787848,6.635,0.0,3.869217692704457
0.0235,1.09,0.0,0.23535567154214151,459.5627284281233,6.635,0.0,3.884530612009069
0.0236,1.09,0.0,0.23635908463411517,463.185766085665,6.635,0.0,3.899823463150269
0.023700000000000002,1.09,0.0,0.23736255188034205,466.8181959847163,6.635,0.0,3.915096245151319
0.0238,1.09,0.0,0.23836608547223057,470.4599604791642,6.635,0.0,3.930348956791596
0.0239,1.09,0.0,0.23936969754116913,474.1110024176477,6.635,0.0,3.945581596586457
0.024,1.09,0.0,0.24037340091031845,477.7712639949272,6.635,0.0,3.960794162807928
0.0241,1.09,0.0,0.2413772088312707,481.440687924672,6.635,0.0,3.975986653439825
0.024200000000000003,1.09,0.0,0.24238113595515978,485.1192168251981,6.635,0.0,3.991159066151476
0.024300000000000002,1.09,0.0,0.24338519883925205,488.8067935526366,6.635,0.0,4.006311398300664
0.0244,1.09,0.0,0.24438941541952228,492.503361051947,6.635,0.0,4.021443646900332
0.0245,1.09,0.0,0.2453938047232552,496.2088623184694,6.635,0.0,4.036555808590435
0.0246,1.09,0.0,0.24639838664084807,499.9232403314749,6.635,0.0,4.051647879609293
0.0247,1.09,0.0,0.24740318185518917,503.6464379403881,6.635,0.0,4.066719855791965
0.024800000000000003,1.09,0.0,0.2484082114739474,507.3783980752869,6.635,0.0,4.08177173254178
0.024900000000000002,1.09,0.0,0.2494134969251557,511.119063850895,6.635,0.0,4.096803504817096
0.025,1.09,0.0,0.25041906038284145,514.8683772690763,6.635,0.0,4.111815167161251
0.0251,1.09,0.0,0.25142492395392,518.6262811645323,6.635,0.0,4.126806713628673
0.0252,1.09,0.0,0.25243111024327386,522.3927181766604,6.635,0.0,4.141778137840113
0.0253,1.09,0.0,0.25343764174209527,526.1676306860344,6.635,0.0,4.156729432910892
0.025400000000000002,1.09,0.0,0.254444542093364,529.9509604797496,6.635,0.0,4.171660591561982
0.025500000000000002,1.09,0.0,0.25545183440223956,533.7426497953712,6.635,0.0,4.186571605960129
0.0256,1.09,0.0,0.25645954229807216,537.54264050371,6.635,0.0,4.201462467817584
0.0257,1.09,0.0,0.2574676896588278,541.3508743089959,6.635,0.0,4.216333168357247
0.0258,1.09,0.0,0.25847630058719095,545.1672927890328,6.635,0.0,4.231183698320223
0.025900000000000003,1.09,0.0,0.2594853992065431,548.9918372489497,6.635,0.0,4.246014047946389
0.026000000000000002,1.09,0.0,0.2604950098321116,552.8244489144623,6.635,0.0,4.260824206992712
0.0261,1.09,0.0,0.26150515677958786,556.6650687350408,6.635,0.0,4.275614164710305
0.0262,1.09,0.0,0.26251586440449454,560.5136374061757,6.635,0.0,4.290383909853901
0.0263,1.09,0.0,0.2635271571930176,564.3700942753364,6.635,0.0,4.305133426761536
0.0264,1.09,0.0,0.264539059793897,568.2343820264155,6.635,0.0,4.319862710995159
0.026500000000000003,1.09,0.0,0.2655515969313161,572.1064393803964,6.635,0.0,4.334571745899936
0.026600000000000002,1.09,0.0,0.2665647933497968,575.9862060325008,6.635,0.0,4.349260518214357
0.0267,1.09,0.0,0.2675786738865584,579.8736214768178,6.635,0.0,4.363929014177674
0.0268,1.09,0.0,0.2685932633652027,583.7686250370449,6.635,0.0,4.378577219523519
0.0269,1.09,0.0,0.2696085866476964,587.6711557954341,6.635,0.0,4.393205119472535
0.027,1.09,0.0,0.27062466862705586,591.5811527294418,6.635,0.0,4.407812698748277
0.027100000000000003,1.09,0.0,0.27164153416372205,595.498554618072,6.635,0.0,4.422399941571922
0.027200000000000002,1.09,0.0,0.2726592080711695,599.423300092212,6.635,0.0,4.436966831650516
0.0273,1.09,0.0,0.2736777152345805,603.3553276391052,6.635,0.0,4.451513352177212
0.0274,1.09,0.0,0.2746970806790255,607.2945755993154,6.635,0.0,4.466039485805122
0.0275,1.09,0.0,0.2757173297394236,611.2409822037897,6.635,0.0,4.480545214674154
0.027600000000000003,1.09,0.0,0.27673848811465945,615.1944855783034,6.635,0.0,4.495030520328494
0.027700000000000002,1.09,0.0,0.27776058275860427,619.1550237735468,6.635,0.0,4.509495383449393
0.027800000000000002,1.09,0.0,0.27878364513507137,623.1225351913811,6.635,0.0,4.523939783330769
0.0279,1.09,0.0,0.27980771367374774,627.0969582358662,6.635,0.0,4.538363698505058
0.028,1.09,0.0,0.28083283238640044,631.0782322197676,6.635,0.0,4.552767106934337
0.0281,1.09,0.0,0.28185904897415276,635.0662962818886,6.635,0.0,4.567149985665966
0.028200000000000003,1.09,0.0,0.28288641418170046,639.0610889123849,6.635,0.0,4.581512310822993
0.028300000000000002,1.09,0.0,0.2839149806921556,643.0625497952384,6.635,0.0,4.595854057230636
0.0284,1.09,0.0,0.2849448038980508,647.0706168741636,6.635,0.0,4.610175198794858
0.0285,1.09,0.0,0.28597594090792133,651.0852280247253,6.635,0.0,4.624475708205837
0.0286,1.09,0.0,0.28700845023736166,655.1063211270831,6.635,0.0,4.638755556894592
0.0287,1.09,0.0,0.28804239210004,659.1338331112408,6.635,0.0,4.65301471502391
0.028800000000000003,1.09,0.0,0.28907782798240234,663.1677005602646,6.635,0.0,4.667253151589399
0.028900000000000002,1.09,0.0,0.2901148205112295,667.2078596080647,6.635,0.0,4.681470834151902
0.029,1.09,0.0,0.2911534334122447,671.254245478449,6.635,0.0,4.695667729055278
0.0291,1.09,0.0,0.2921937313287656,675.3067930112211,6.635,0.0,4.709843801319473
0.0292,1.09,0.0,0.29323577961152875,679.3654363290408,6.635,0.0,4.723999014557965
0.029300000000000003,1.09,0.0,0.2942796440797691,683.4301093750067,6.635,0.0,4.738133330993641
0.029400000000000003,1.09,0.0,0.2953253914470432,687.5007436171611,6.635,0.0,4.752246711751481
0.029500000000000002,1.09,0.0,0.29637308861918943,691.5772719645665,6.635,0.0,4.766339116419514
0.0296,1.09,0.0,0.29742280270392596,695.659625339688,6.635,0.0,4.780410503166571
0.0297,1.09,0.0,0.29847460115710844,699.7477340984013,6.635,0.0,4.794460828884867
0.0298,1.09,0.0,0.2995285518260403,703.841527718461,6.635,0.0,4.808490048756877
0.029900000000000003,1.09,0.0,0.30058472323146807,707.9409348988457,6.635,0.0,4.822498116730584
0.030000000000000002,1.09,0.0,0.30164318425712844,712.0458835639541,6.635,0.0,4.836484985543631
0.030100000000000002,1.09,0.0,0.30270400373259965,716.156300735014,6.635,0.0,4.850450606452088
0.0302,1.09,0.0,0.30376725072402966,720.2721125157129,6.635,0.0,4.864394929173211
0.0303,1.09,0.0,0.3048329946143429,724.3932441764535,6.635,0.0,4.87831790216998
0.0304,1.09,0.0,0.3059013049101436,728.5196197789373,6.635,0.0,4.892219472298961
0.030500000000000003,1.09,0.0,0.3069722515898605,732.651162117051,6.635,0.0,4.906099585014451
0.030600000000000002,1.09,0.0,0.3080459048617511,736.7877929755048,6.635,0.0,4.919958184533494
0.0307,1.09,0.0,0.30912233541734646,740.9294331752727,6.635,0.0,4.93379521324614
0.0308,1.09,0.0,0.31020161509593325,745.0760026093079,6.635,0.0,4.947610611265981
0.0309,1.09,0.0,0.31128382014603273,749.227419721198,6.635,0.0,4.961404312870993
0.031,1.09,0.0,0.3123690449280341,753.3836014654966,6.635,0.0,4.975176240289242
0.031100000000000003,1.09,0.0,0.3134574131864232,757.5444679613455,6.635,0.0,4.988926315211218
0.031200000000000002,1.09,0.0,0.3145490692206386,761.7099412576283,6.635,0.0,5.002654459606343
0.0313,1.09,0.0,0.315644171638746,765.8799435880948,6.635,0.0,5.016360593179496
0.031400000000000004,1.09,0.0,0.3167428900463842,770.0543968492507,6.635,0.0,5.030044633077776
0.0315,1.09,0.0,0.31784540248100174,774.2332220054734,6.635,0.0,5.043706493531242
0.0316,1.09,0.0,0.3189518934340155,778.4163385743574,6.635,0.0,5.057346083968469
0.0317,1.09,0.0,0.3200625550904006,782.6036640691442,6.635,0.0,5.070963312125966
0.0318,1.09,0.0,0.32117758336543073,786.7951148927208,6.635,0.0,5.084558080620971
0.031900000000000005,1.09,0.0,0.3222971792082989,790.9906047821864,6.635,0.0,5.098130286816245
0.032,1.09,0.0,0.32342154735487266,795.1900457764118,6.635,0.0,5.111679825464244
0.032100000000000004,1.09,0.0,0.3245508954281978,799.3933480330147,6.635,0.0,5.125206588684181
0.0322,1.09,0.0,0.3256854331318804,803.6004187607699,6.635,0.0,5.138710462357111
0.0323,1.09,0.0,0.3268253725272962,807.8111628263171,6.635,0.0,5.15219132884269
0.0324,1.09,0.0,0.32797092852270604,812.0254821826509,6.635,0.0,5.165649066183998
0.0325,1.09,0.0,0.32912231696542427,816.2432773084774,6.635,0.0,5.179083546781678
0.032600000000000004,1.09,0.0,0.3302797560956377,820.4644454033147,6.635,0.0,5.192494642204831
0.0327,1.09,0.0,0.33144346301116123,824.6888815039212,6.635,0.0,5.205882219266881
0.0328,1.09,0.0,0.3326136547008711,828.9164767949137,6.635,0.0,5.219246140362833
0.0329,1.09,0.0,0.3337905496701014,833.1471201257804,6.635,0.0,5.232586261627014
0.033,1.09,0.0,0.33497436778539863,837.3806977569287,6.635,0.0,5.245902436683765
0.033100000000000004,1.09,0.0,0.33616532932371207,841.6170927907265,6.635,0.0,5.259194514112104
0.0332,1.09,0.0,0.33736365666676005,845.8561850514172,6.635,0.0,5.272462335856986
0.0333,1.09,0.0,0.3385695760743249,850.0978514819926,6.635,0.0,5.285705737937138
0.0334,1.09,0.0,0.3397833265913634,854.3419544078873,6.635,0.0,5.29892450818654
0.0335,1.09,0.0,0.34100523923451326,858.588329241871,6.635,0.0,5.312118310156778
0.033600000000000005,1.09,0.0,0.34223579833037027,862.8368404584072,6.635,0.0,5.325286841332629
0.0337,1.09,0.0,0.34347558360378977,867.087368602558,6.635,0.0,5.338429822443871
0.033800000000000004,1.09,0.0,0.3447252370059124,871.3397977142871,6.635,0.0,5.351546974648411
0.0339,1.09,0.0,0.34598544668939335,875.5940107108032,6.635,0.0,5.364638013661574
0.034,1.09,0.0,0.34725693663389234,879.8498858372697,6.635,0.0,5.377702648579485
0.0341,1.09,0.0,0.3485404561750717,884.1072960225445,6.635,0.0,5.390740583097673
0.0342,1.09,0.0,0.34983677290450405,888.3661050598587,6.635,0.0,5.403751508912057
0.034300000000000004,1.09,0.0,0.3511466677478066,892.6261696183411,6.635,0.0,5.416735107214702
0.0344,1.09,0.0,0.3524709321426537,896.887339280092,6.635,0.0,5.429691060087764
0.0345,1.09,0.0,0.35381035646175163,901.1494545097961,6.635,0.0,5.442619034782105
0.0346,1.09,0.0,0.3551657292434074,905.4123457314338,6.635,0.0,5.455518690744936
0.0347,1.09,0.0,0.3565378347769759,909.6758343114968,6.635,0.0,5.468389681871735
0.034800000000000005,1.09,0.0,0.3579274467213253,913.9397322226426,6.635,0.0,5.481231653706221
0.0349,1.09,0.0,0.35933533212583424,918.2038379707949,6.635,0.0,5.494044232823391
0.035,1.09,0.0,0.3607622516751803,922.467942699525,6.635,0.0,5.506827044817694
0.0351,1.09,0.0,0.36220895441710016,926.7318249325185,6.635,0.0,5.519579696922303
0.0352,1.09,0.0,0.36367621074794865,930.995176199113,6.635,0.0,5.532301530841324
0.035300000000000005,1.09,0.0,0.36516505016685613,935.2576507234852,6.635,0.0,5.54499166967434
0.0354,1.09,0.0,0.36667675507795416,939.5190030768978,6.635,0.0,5.557649455750416
0.035500000000000004,1.09,0.0,0.36821272003693617,943.7790142966102,6.635,0.0,5.570274299895185
0.0356,1.09,0.0,0.36977438699251264,948.0374744508242,6.635,0.0,5.582865652582414
0.0357,1.09,0.0,0.37136321699645003,952.2941642707639,6.635,0.0,5.595422966316977
0.0358,1.09,0.0,0.3729806667687749,956.5488580171515,6.635,0.0,5.607945718132907
0.0359,1.09,0.0,0.3746281608589551,960.8013178648399,6.635,0.0,5.620433397732184
0.036000000000000004,1.09,0.0,0.37630707901513943,965.0512837735283,6.635,0.0,5.632885486532494
0.0361,1.09,0.0,0.378018747702594,969.2984729479381,6.635,0.0,5.645301462295868
0.0362,1.09,0.0,0.3797644326097387,973.5425830997566,6.635,0.0,5.657680808207275
0.0363,1.09,0.0,0.3815453213387845,977.783284458421,6.635,0.0,5.670022997713272
0.0364,1.09,0.0,0.3833625222764311,982.0202533470232,6.635,0.0,5.6823275958162
0.036500000000000005,1.09,0.0,0.3852168761253231,986.2533319076308,6.635,0.0,5.694594861895423
0.0366,1.09,0.0,0.3871086419181262,990.4821355000488,6.635,0.0,5.706824660473544
0.0367,1.09,0.0,0.38903777619595636,994.7061422120644,6.635,0.0,5.719016591406338
0.0368,1.09,0.0,0.3910040604704824,998.9247656949759,6.635,0.0,5.731170169887027
0.0369,1.09,0.0,0.3930071521358266,1003.137367522169,6.635,0.0,5.743284843746626
0.037000000000000005,1.09,0.0,0.3950466148596467,1007.343287145526,6.635,0.0,5.755360029732469
0.0371,1.09,0.0,0.3971219477039238,1011.541839084355,6.635,0.0,5.767395117253462
0.037200000000000004,1.09,0.0,0.3992325968956381,1015.732328346523,6.635,0.0,5.779389483697821
0.0373,1.09,0.0,0.4013779587030209,1019.914062110772,6.635,0.0,5.791342516984358
0.0374,1.09,0.0,0.403557390537601,1024.086331957349,6.635,0.0,5.803253565733264
0.0375,1.09,0.0,0.4057702190135933,1028.24847117223,6.635,0.0,5.815122105603162
0.0376,1.09,0.0,0.40801564543596885,1032.399826095591,6.635,0.0,5.826947695692972
0.037700000000000004,1.09,0.0,0.410292744310082,1036.539688349726,6.635,0.0,5.838729767461635
0.0378,1.09,0.0,0.41260053694869425,1040.667353458963,6.635,0.0,5.850467761304258
0.0379,1.09,0.0,0.4149379979056884,1044.782112963233,6.635,0.0,5.862161089543122
0.038,1.09,0.0,0.41730408140140984,1048.88327394142,6.635,0.0,5.873809189051761
0.0381,1.09,0.0,0.419697716887702,1052.970150526433,6.635,0.0,5.885411492091138
0.038200000000000005,1.09,0.0,0.42211782226068073,1057.042076594739,6.635,0.0,5.896967458117405
0.0383,1.09,0.0,0.4245633044575459,1061.098402906565,6.635,0.0,5.908476561936843
0.038400000000000004,1.09,0.0,0.4270330554824649,1065.138496916449,6.635,0.0,5.919938293761485
0.0385,1.09,0.0,0.4295259566183226,1069.161758590094,6.635,0.0,5.931352185674936
0.0386,1.09,0.0,0.43204088184203626,1073.167579270176,6.635,0.0,5.942717729985541
0.038700000000000005,1.09,0.0,0.43457673696500976,1077.155335327003,6.635,0.0,5.954034295929437
0.0388,1.09,0.0,0.43713258670788274,1081.124430687964,6.635,0.0,5.965301238051698
0.038900000000000004,1.09,0.0,0.4397076286773921,1085.074342594915,6.635,0.0,5.976518081452896
0.039,1.09,0.0,0.44230110673969886,1089.004583299001,6.635,0.0,5.987684372459478
0.0391,1.09,0.0,0.4449123023265767,1092.914700898217,6.635,0.0,5.998799690761642
0.0392,1.09,0.0,0.4475405319827919,1096.804277632979,6.635,0.0,6.009863638222988
0.0393,1.09,0.0,0.45018513972226826,1100.672930790534,6.635,0.0,6.020875832658028
0.039400000000000004,1.09,0.0,0.4528454887503849,1104.520310554116,6.635,0.0,6.031835917040083
0.0395,1.09,0.0,0.455520965421596,1108.346111156461,6.635,0.0,6.04274355897948
0.0396,1.09,0.0,0.4582109662980931,1112.15005278535,6.635,0.0,6.05359842691826
0.0397,1.09,0.0,0.46091490609143765,1115.931886507335,6.635,0.0,6.064400190226754
0.0398,1.09,0.0,0.4636322205282109,1119.691411800389,6.635,0.0,6.075148560528372
0.039900000000000005,1.09,0.0,0.4663623503681301,1123.428464472842,6.635,0.0,6.085843254513278
0.04,1.09,0.0,0.46910474677022657,1127.142917982832,6.635,0.0,6.096483990396529
