"Time [ms]","STEEL_1008 [mA]","Steel_1008_NoEddy [mA]","SS430 [mA]"
0,0,0,0
0.1,24.8207697613907,3.5829128048218,4.16644567276937
0.2,35.0545562203213,7.15288973031543,8.31529903373264
0.3,43.0478806344347,10.7098720592433,12.4463859083653
0.4,49.9645688649762,14.2538077703579,16.5595489980954
0.5,56.2750978334465,17.7846471032255,20.6546373215791
0.6,62.1471942801157,21.302342495652,24.7315060233952
0.7,67.6979956934791,24.8068485212692,28.7900161838465
0.8,72.9936678491564,28.2981218260247,32.8300346275963
0.9,78.0886643662619,31.7761210638184,36.8514337302961
1,83.0257257691922,35.2408068293561,40.8540912205944
1.1,87.8397021955318,38.6921415885663,44.837889975572
1.2,92.5604985868927,42.1300896043747,48.8027178060626
1.3,97.2375018689514,45.5546168566689,52.7484672276382
1.4,101.91600140977,48.9656909538595,56.67503521262
1.5,106.603407449675,52.3632810339052,60.5823229135579
1.6,111.292373872554,55.7473576493984,64.4702433173984
1.7,115.976050636546,59.1178926316987,68.3387236216982
1.8,120.654678104087,62.4748602303025,72.1876863293128
1.9,125.32829749878,65.8182455134223,76.0170530331513
2,129.988723754323,69.148030696403,79.8267554970983
2.1,134.634625765304,72.4641964185375,83.6167408810732
2.2,139.274083515836,75.7667231513759,87.3869622749609
2.3,143.907885298033,79.0555962335696,91.1373700048204
2.4,148.534791805708,82.3308072127662,94.867922485338
2.5,153.124208939895,85.5923529979045,98.5785825158704
2.6,157.654047252611,88.8402261512231,102.269315739973
2.7,162.107682382654,92.0744205058346,105.940089622802
2.8,166.477462977062,95.2949348010145,109.590873196424
2.9,170.765195920098,98.5017680450484,113.221639037484
3,174.977070731296,101.694919889888,116.832364269328
3.1,179.12120580658,104.874390235632,120.423038213372
3.2,183.207443016554,108.040179027425,123.993649799177
3.3,187.24276261894,111.19228781501,127.544199341323
3.4,191.232301178755,114.330719464387,131.074686636116
3.5,195.181668561966,117.455470716282,134.585117868108
3.6,199.096872660813,120.566512841737,138.075465359424
3.7,202.983302134414,123.663821479024,141.545709799395
3.8,206.846269300176,126.747364853497,144.995828392269
3.9,210.689372036688,129.817110757007,148.425799854215
4,214.513745423151,132.873025277713,151.83560210795
4.1,218.32125487071,135.915069296527,155.225209306657
4.2,222.114400729838,138.9432007772,158.594601983162
4.3,225.894541547433,141.957376288084,161.943763199474
4.4,229.661046158155,144.957324745975,165.27245816327
4.5,233.411846848336,147.943440866661,168.581123492094
4.6,237.14493667157,150.91545079703,171.869559747532
4.7,240.858726306747,153.873297200543,175.137852632095
4.8,244.550762422102,156.816923154085,178.386257053699
4.9,248.216811061384,159.746263638061,181.615076071346
5,251.851358830789,162.66125527838,184.824463630844
5.1,255.449385267037,165.561833105702,188.014559018995
5.2,259.008512257495,168.447930016102,191.18583858062
5.3,262.527596139975,171.319478676279,194.338767408372
5.4,266.006165338251,174.176414508597,197.473587210711
5.5,269.444580637888,177.01868339982,200.590470649713
5.6,272.843036516768,179.846259823135,203.689547993008
5.7,276.201754622806,182.659164518403,206.771064025292
5.8,279.521013125199,185.457441102679,209.835260794163
5.9,282.801921202426,188.241077379941,212.882289285436
6,286.04620066875,191.010033144859,215.912261219376
6.1,289.255820157817,193.764254982807,218.925259927164
6.2,292.4331979443,196.503758961762,221.921344386428
6.3,295.580818190695,199.228690535889,224.900554430665
6.4,298.701344187255,201.939103801245,227.862909725216
6.5,301.797508531118,204.635075343944,230.80841776762
6.6,304.871831656234,207.316673010229,233.737066987144
6.7,307.926236311874,209.983889086264,236.648837410873
6.8,310.961961258583,212.636688558946,239.543698694838
6.90000000000001,313.979885749392,215.275006715252,242.421611629574
7.00000000000001,316.980564178742,217.898758252582,245.282526904538
7.10000000000001,319.9639938348,220.507840489156,248.126387791796
7.20000000000001,322.929800711006,223.102135839807,250.953128404039
7.30000000000001,325.877429908141,225.681521071293,253.762682405122
7.40000000000001,328.80623149545,228.245856682367,256.554964170362
7.50000000000001,331.715579047604,230.794993563406,259.329893942364
7.60000000000001,334.604702816784,233.328921772458,262.0873747431
7.70000000000001,337.472800794472,235.847179106291,264.827458808933
7.80000000000001,340.318916583241,238.348982560698,267.549753336634
7.90000000000001,343.142032247025,240.835582771051,270.25355621939
8.00000000000001,345.941310357189,243.306169761995,272.940185490065
8.10000000000001,348.715610012091,245.760481086345,275.609170894843
8.20000000000001,351.464361367443,248.19830979891,278.260452711425
8.30000000000001,354.186491047603,250.619442625061,280.893914431309
8.4,356.883131817942,253.023658073204,283.509472537599
8.5,359.5538205799,255.410729594096,286.106972754061
8.6,362.198756245712,257.780425742231,288.686239182168
8.7,364.818263711567,260.132505284579,291.247091475271
8.8,367.412683630687,262.466723660359,293.789342545412
8.9,369.982314054146,264.782871739989,296.312799556474
9,372.527459181654,267.080546448962,298.817302344094
9.1,375.048429228259,269.360063790991,301.302485991092
9.2,377.545570278185,271.620621240419,303.768562840514
9.3,380.019306034873,273.862393447792,306.214755702765
9.4,382.470159683618,276.084686858912,308.641280467026
9.5,384.898538572458,278.287411833398,311.047493294697
9.6,387.304975912162,280.470276467546,313.433348770184
9.7,389.689603971164,282.632973826555,315.798595220285
9.8,392.052894161048,284.77516624184,318.142975010714
9.9,394.395398808479,286.896501493055,320.466215251891
10,396.717060949686,288.996647453907,322.768033090022
10.1,399.018291216703,291.075537872721,325.048167069553
10.2,401.299223775409,293.132192969579,327.306612123474
10.3,403.55982082621,295.166526019079,329.542470774558
10.4,405.799923116611,297.178163030928,331.755723767797
10.5,408.01930468576,299.166686546964,333.946068204648
10.6,410.217642013602,301.131701906853,336.113162229484
10.7,412.394875804224,303.072779573761,338.256685840275
10.8,414.549963997079,304.989136066465,340.37628450631
10.9,416.682700425524,306.881032017942,342.4712471965
11,418.792523007025,308.747647830067,344.541928653577
11.1,420.878790821146,310.588333358332,346.587590634987
11.2,422.940917657862,312.403025144388,348.607641658141
11.3,424.978307213699,314.190924909033,350.602118529708
11.4,426.989995511996,315.951712188652,352.570281740345
11.5,428.976198427931,317.684786399751,354.511922019942
11.6,430.936068501557,319.389515661128,356.426516278529
11.7,432.869013304701,321.065557153594,358.313622523473
11.8,434.774958130993,322.712229475765,360.172713257262
11.9,436.653582760226,324.329055667223,362.003457413434
12,438.504915020157,325.915267186545,363.80532820585
12.1,440.328849126522,327.470382715948,365.577882018333
12.2,442.125446065351,328.99375738757,367.3204846769
12.3,443.894683331124,330.484749584525,369.032681309335
12.4,445.636634629202,331.942705639307,370.71392057313
12.5,447.351296696894,333.366946671988,372.363683041726
12.6,449.038757102516,334.75677630141,373.981899995575
12.7,450.698888784118,336.112002937194,375.566441044082
12.8,452.331768409162,337.430839486444,377.118253761285
12.9,453.937371688618,338.712481957932,378.63671827504
13,455.51568013353,339.957270877358,380.119634354426
13.1,457.066645433571,341.16385125408,381.568419101785
13.2,458.5901733971,342.331366830094,382.980338169257
13.3,460.086665336196,343.458964093842,384.356250561619
13.4,461.554224835591,344.547342134532,385.69542494949
13.5,462.9948003914,345.592413342018,386.996142149915
13.6,464.405776655648,346.594820108964,388.258931556703
13.7,465.78842683392,347.553556987403,389.481813082314
13.8,467.142374818852,348.467630113861,390.663143335034
13.9,468.466026103598,349.336384032457,391.803791446118
14,469.758935677322,350.158995279786,392.902356425562
14.1,471.021895456797,350.932682252642,393.958247311227
14.2,472.255427795577,351.657652075297,394.97084530947
14.3,473.456652317556,352.333028814221,395.937528376864
14.4,474.624868090904,352.955747831456,396.859728979002
14.5,475.76141670393,353.52523444318,397.73343740132
14.6,476.865322225615,354.040265978744,398.559096105567
14.7,477.935944120365,354.501046341102,399.335140786313
14.8,478.972734103324,354.904134949408,400.060695230632
14.9,479.977895970876,355.248474510616,400.735952573164
15,480.946211829161,355.534255547155,401.357815492798
15.1,481.880085438662,355.754156251821,401.925324061529
15.2,482.777735313858,355.913455252987,402.438824743119
15.3,483.638893642052,356.003777726822,402.89163794624
15.4,484.462105133669,356.030599109321,403.28875590309
15.5,485.249580539293,355.988317570997,403.622418613084
15.6,485.998400421567,355.874598823786,403.898149113786
15.7,486.708691694664,355.688043665661,404.110703850197
15.8,487.379594029917,355.426049056222,404.258046063604
15.9,488.010883023783,355.0866876298,404.33905965847
16,488.60282367203,354.668908752929,404.351473939511
16.1,489.149989069371,354.166242231152,404.293650804328
16.2,489.657820786362,353.57651724448,404.162869389782
16.3,490.120410307996,352.899745280891,403.959314475561
16.4,490.542284253377,352.135251488235,403.676557222073
16.5,490.920506773608,351.273249930413,403.312335874376
16.6,491.253727735461,350.311470500675,402.870999201435
16.7,491.54187118477,349.252602182102,402.341954894756
16.8,491.783943569027,348.087217658922,401.72546835618
16.9,491.978320329242,346.813374211607,401.01650841449
17,492.125096683786,345.42680471389,400.217691280628
17.1,492.224692872617,343.922590694963,399.320750370138
17.2,492.271962000199,342.296880386971,398.323777523311
17.3,492.26644949779,340.545053446132,397.222357422423
17.4,492.212669541807,338.66088789835,396.013089420339
17.4999999999999,492.102533158884,336.638983906637,394.692771674893
17.5999999999999,491.937378240571,334.473229074323,393.255959569243
17.6999999999999,491.714837718202,332.15813450595,391.698006884937
17.7999999999999,491.436077732845,329.688388889677,390.013475922125
17.8999999999999,491.097542069306,327.053025409635,388.198443084005
17.9999999999999,490.698391510779,324.244926916103,386.248428890783
18.0999999999999,490.236888609758,321.25700046576,384.153913723142
18.1999999999999,489.71071869294,318.079871471596,381.909808898647
18.2999999999999,489.118598223882,314.702841686808,379.509719956251
18.3999999999999,488.459007693596,311.115337795872,376.945952099092
18.4999999999999,487.728776520538,307.305542647711,374.2101151041
18.5999999999999,486.926175254019,303.262569177474,371.293389693363
18.6999999999999,486.048725514484,298.967600406166,368.186363042345
18.7999999999999,485.094021330943,294.411021432672,364.878526304597
18.8999999999999,484.060266247159,289.568303267121,361.360678658604
18.9999999999999,482.946465832687,284.429900478473,357.61593232765
19.0999999999999,481.746469782858,278.96175903975,353.636494209483
19.1999999999999,480.458208795897,273.146613516267,349.400369116566
19.2999999999999,479.080490573244,266.959225302182,344.900237921498
19.3999999999999,477.609571075275,260.365037337737,340.105475293378
19.4999999999999,476.041762557761,253.328055008714,335.001943695384
19.5999999999999,474.373521151174,245.812072227325,329.568227348456
19.6999999999999,472.60123396885,237.759590178465,323.774478931447
19.7999999999999,470.720324896532,229.118453657769,317.589038832012
19.8999999999999,468.728535907621,219.81867637904,310.984984202209
19.9999999999999,466.615835853606,209.772485839736,303.910043537701
20.0999999999999,464.381471201785,203.611703374421,296.322215605994
20.1999999999999,462.014623829794,204.617640317106,288.164875403429
20.2999999999999,459.511889037113,205.622423132084,279.363827561972
20.3999999999999,456.871190811835,206.626068398543,271.32284452108
20.4999999999999,454.068246612833,207.628583132376,272.732055978047
20.5999999999999,451.107137060938,208.629973311944,274.141587161492
20.6999999999999,447.967808643901,209.630245038344,275.551905764716
20.7999999999999,444.645719787953,210.629405429643,276.963049300808
20.8999999999999,441.114875075956,211.627462252494,278.375054714621
20.9999999999999,437.367873175405,212.624421760599,279.787958663671
21.0999999999999,433.36090893106,213.620291603284,281.201797127208
21.1999999999999,429.070933862182,214.615079500452,282.616606208047
21.2999999999999,424.452493800645,215.608793642752,284.032420963807
21.3999999999999,419.426411605903,216.601441011808,285.44927731838
21.4999999999999,413.903235932899,217.593028139405,286.867208934788
21.5999999999999,412.273117639988,218.583561632728,288.28624897736
21.6999999999999,412.324839514422,219.573048125986,289.706429999537
21.7999999999999,412.932641621031,220.561494276186,291.127783397247
21.8999999999999,413.816654519505,221.548907250838,292.550338787034
21.9999999999999,414.864369287805,222.535294137868,293.974114874197
22.0999999999999,416.015617935948,223.520661175097,295.399129775251
22.1999999999999,417.236357131088,224.505014885826,296.825406675108
22.2999999999999,418.504880210675,225.488362208047,298.252962140937
22.3999999999999,419.806740846066,226.47070994181,299.681814901622
22.4999999999999,421.131832927824,227.452065639581,301.111983342226
22.5999999999999,422.472964741933,228.432436565308,302.543486426885
22.6999999999999,423.824864900604,229.411829469583,303.976343300865
22.7999999999999,425.183515947049,230.390251359187,305.410574150326
22.8999999999999,426.545951692792,231.36771049678,306.846199057894
22.9999999999999,427.90989430945,232.34421621013,308.283238767178
23.0999999999999,429.27354252545,233.319778542293,309.721714065932
23.1999999999999,430.635482932986,234.294408902627,311.161645894402
23.2999999999999,431.994604036027,235.268122193937,312.603055342552
23.3999999999999,433.349997523743,236.240938969696,314.045963695089
23.4999999999999,434.700921429681,237.212884993267,315.490391494598
23.5999999999999,436.046743177874,238.183994419983,316.936359360841
23.6999999999999,437.386942417671,239.154310703574,318.383887435074
23.7999999999999,438.7211088471,240.123872050337,319.832995670153
23.8999999999999,440.048883618996,241.092703609026,321.283703954107
23.9999999999999,441.369974585686,242.060826203483,322.736032771703
24.0999999999999,442.68414475646,243.02826206742,324.190001925799
24.1999999999999,443.991216380777,243.995039554148,325.645629397142
24.2999999999999,445.291079790184,244.961186711063,327.102932702581
24.3999999999999,446.583652620642,245.926726941865,328.561933672273
24.4999999999999,447.868904395237,246.891681775073,330.022650715022
24.5999999999999,449.146839834593,247.856072054663,331.485100155018
24.6999999999999,450.417464474091,248.819917399559,332.949297594901
24.7999999999999,451.680810097559,249.783237427753,334.415258333972
24.8999999999999,452.936938973181,250.746053244288,335.88299691296
24.9999999999999,454.185920709166,251.708388414454,337.352527311968
25.0999999999999,455.427830504525,252.670272072056,338.823862960392
25.1999999999999,456.662758721806,253.631746902846,340.297016935534
25.2999999999999,457.890794734576,254.592877044655,341.772001997222
25.3999999999999,459.112032690433,255.553749179534,343.248829850978
25.4999999999999,460.326576621275,256.514432168256,344.72751206814
25.5999999999999,461.534534001312,257.474979316506,346.208060135633
25.6999999999999,462.735997932694,258.435436358948,347.690483492622
25.7999999999999,463.93104970621,259.395843997782,349.174791348157
25.8999999999999,465.119756266128,260.356236829894,350.660993656132
25.9999999999999,466.302197328664,261.316646274553,352.149098463711
26.0999999999999,467.478462614398,262.277101167025,353.639112543202
26.1999999999999,468.64864866074,263.237626894949,355.131042495983
26.2999999999999,469.812866658622,264.198246403426,356.624895196957
26.3999999999999,470.971251735121,265.158980996807,358.120678403394
26.4999999999999,472.123955997722,266.119850227677,359.618397922245
26.5999999999999,473.271148877403,267.080871792859,361.118058495693
26.6999999999999,474.413014799808,268.04206415465,362.619664625713
26.7999999999999,475.549748941492,269.003446593393,364.12322105694
26.8999999999999,476.681554504104,269.965031742193,365.628731432748
26.9999999999999,477.808638428092,270.926830003381,367.136198344078
27.0999999999999,478.931196997745,271.888849289636,368.645624477592
27.1999999999999,480.049419379819,272.851099233459,370.157010422681
27.2999999999999,481.163483576853,273.813586473924,371.670356385988
27.3999999999999,482.273551065428,274.776314650492,373.185662031495
27.4999999999999,483.37976021519,275.73928518732,374.702927409863
27.5999999999999,484.482230371364,276.702498436894,376.22215223477
27.6999999999999,485.58106160686,277.665953479433,377.743334196038
27.7999999999999,486.67634136111,278.629648490336,379.266470612576
27.8999999999999,487.768140599781,279.59358008056,380.791558665623
27.9999999999999,488.85651566718,280.557745621746,382.31859449594
28.0999999999999,489.941515782281,281.522141483152,383.84757420946
28.1999999999999,491.023175792963,282.486764195238,385.378493376159
28.2999999999999,492.101519084968,283.451609680334,386.911347266266
28.3999999999999,493.176555319948,284.416673279401,388.446129789287
28.4999999999999,494.248282479057,285.381950904124,389.982834690168
28.5999999999999,495.316682888397,286.34743831321,391.521455454743
28.6999999999999,496.381722694809,287.313131064166,393.061984525668
28.7999999999999,497.443357152456,288.279028141613,394.604414060309
28.8999999999999,498.501532593989,289.245152498471,396.148737122941
28.9999999999999,499.556191954233,290.21155071039,397.694944082209
29.0999999999999,500.607276022827,291.178252519307,399.243025559666
29.1999999999999,501.654724728638,292.145281465517,400.792970781872
29.2999999999999,502.698480700156,293.112656429059,402.344768634548
29.3999999999999,503.738493755839,294.080393763675,403.89840872551
29.4999999999999,504.774722086293,295.048507277733,405.453882389019
29.5999999999999,505.807124494081,296.017008212487,407.011176110701
29.6999999999999,506.835661324031,296.985906426778,408.570276129143
29.7999999999999,507.86029382761,297.955210911787,410.131169009004
29.8999999999999,508.88098440089,298.924931573824,411.693841130368
29.9999999999999,509.897694642693,299.895078009931,413.25827750909
30.0999999999999,510.910384507905,300.865661070745,414.824464302075
30.1999999999999,511.919013931896,301.836694714496,416.392386072899
30.2999999999999,512.923545077953,302.808198624681,417.962027689227
30.3999999999999,513.923944066505,303.780199521179,419.533373522931
30.4999999999999,514.920186889696,304.752734820218,421.106408404744
30.5999999999999,515.912260125099,305.725848452764,422.681114221915
30.6999999999999,516.900164750917,306.699571168606,424.257471273392
30.7999999999999,517.883914635952,307.673926910255,425.835460974417
30.8999999999999,518.863534367599,308.648934906351,427.41506880026
30.9999999999999,519.839059425902,309.624609222872,428.996275939643
31.0999999999999,520.810532837271,310.600962327897,430.5790613046
31.1999999999999,521.77800355385,311.578003605748,432.163406843803
31.2999999999999,522.741524034202,312.555744956893,433.749292741632
31.3999999999999,523.701148972082,313.534206425915,435.336700735784
31.4999999999999,524.656932754455,314.513405300943,436.925608985688
31.5999999999999,525.608931367704,315.493355234952,438.515997503735
31.6999999999999,526.557199574834,316.474067314796,440.107844011941
31.7999999999999,527.50179188327,317.455549816554,441.701128765188
31.8999999999999,528.442759510048,318.43781137022,443.295834740556
31.9999999999999,529.380151567121,319.42085796883,444.891943003863
32.0999999999999,530.314013246215,320.40469604215,446.489433927726
32.1999999999999,531.24438630549,321.389330110276,448.08828819841
32.2999999999999,532.171312113481,322.374765133286,449.688488066749
32.3999999999999,533.094831869889,323.361007302456,451.29002110177
32.4999999999999,534.014987323412,324.348065533787,452.892878431688
32.5999999999999,534.931821160984,325.335951082665,454.497054017243
32.6999999999999,535.845379120635,326.324683159922,456.102551555561
32.7999999999999,536.755711074945,327.314298413493,457.709397390825
32.8999999999999,537.662871725742,328.304879784575,459.317633190863
32.9999999999999,538.566920938811,329.296529534322,460.927328088855
33.0999999999999,539.467923607232,330.289311755487,462.538586833801
33.1999999999999,540.365949880296,331.283278866753,464.151549587163
33.2999999999999,541.261074432918,332.278474805905,465.766328038644
33.3999999999999,542.153377008784,333.274936418762,467.382991884018
33.4999999999999,543.042939800254,334.272694927492,469.001597223051
33.5999999999999,543.929846557093,335.271778659274,470.622185295419
33.6999999999999,544.814180482311,336.272213094242,472.244787083485
33.7999999999999,545.696025651783,337.274020572291,473.869427885707
33.8999999999999,546.575461038657,338.277222674635,475.496128126968
33.9999999999999,547.45256256951,339.281840656087,477.124907285813
34.0999999999999,548.327400543953,340.287896444012,478.755791117771
34.2,549.200038319144,341.295417815659,480.388825253285
34.3,550.070532556403,342.304439534051,482.024060418119
34.4,550.938931980212,343.315009224068,483.661530053752
34.5,551.80527747136,344.327190149342,485.301257261858
34.6,552.669602635506,345.341069926838,486.943257862594
34.7,553.531931618536,346.356752359748,488.587538757557
34.8,554.392281119854,347.374333777295,490.234102557998
34.9,555.250659413215,348.393911380739,491.882946322648
35,556.107065404476,349.415582710872,493.534064026881
35.1,556.961490934028,350.439445635749,495.187444715589
35.2,557.813919445091,351.465598132666,496.843074951281
35.3,558.664324349178,352.494137608508,498.500939908085
35.4,559.5126720912,353.52516819916,500.161040576485
35.5,560.358923852069,354.558798770858,501.823355038396
35.6,561.203037586131,355.595145944488,503.487865397763
35.7,562.044968237256,356.634333642516,505.154556603014
35.8,562.884669847662,357.676483950498,506.823415225611
35.9,563.722098306247,358.721720021275,508.494424697255
36,564.557212057308,359.770162082936,510.167567530979
36.1,565.38997132851,360.821930521743,511.842820867827
36.2,566.220337891345,361.877144912875,513.52016216452
36.3,567.048275193466,362.935928451246,515.19956625698
36.4,567.873749361517,363.998402028656,516.881009346021
36.5,568.696728564112,365.064685704881,518.564467389162
36.6,569.517183428613,366.1348953205,520.249919658068
36.7,570.33508723822,367.209140988551,521.937345028596
36.8,571.150416833481,368.287531960763,523.626724906931
36.9,571.96315220053,369.370153969415,525.318064827011
37,572.7732761636,370.457062769433,527.011510224917
37.1,573.5807749715,371.548254576024,528.70753904732
37.2,574.385638883207,372.643644230589,530.406408259457
37.3,575.187862364273,373.74307827572,532.108259695739
37.4,575.987444876679,374.846508276007,533.813192180786
37.5,576.784391800217,375.954015188886,535.521274457797
37.6000000000001,577.578712134621,377.065754357343,537.232557037508
37.7000000000001,578.370420563573,378.181865445398,538.947069274791
37.8000000000001,579.159537077663,379.302500217634,540.664831840975
37.9000000000001,579.946086313724,380.427828032247,542.385848873455
38.0000000000001,580.73009687203,381.55803280949,544.110121187546
38.1000000000001,581.511599701252,382.693314480782,545.837635867705
38.2000000000001,582.290625428701,383.833884311264,547.568374525709
38.3000000000001,583.067205310529,384.979987005708,549.302309446138
38.4000000000001,583.841370470756,386.131855689744,551.03940809054
38.5000000000001,584.613151708811,387.289680824277,552.779633597328
38.6000000000001,585.382578851925,388.453629031462,554.522943454461
38.7000000000001,586.149680356513,389.623885052081,556.26929081476
38.8000000000001,586.914483282582,390.800641229127,558.018623594888
38.9000000000001,587.677012776067,391.984097094176,559.770887629019
39.0000000000001,588.437292299064,393.174451586309,561.526025584333
39.1000000000001,589.195343281692,394.371911053359,563.283979183431
39.2000000000001,589.951184883368,395.5766830221,565.044690024696
39.3000000000001,590.704836837349,396.78897308982,566.808093949937
39.4000000000001,591.456318957611,398.008988692542,568.574125803717
39.5000000000001,592.205651912605,399.2369419357,570.34272160454
39.6000000000001,592.952857667286,400.473041348342,572.113818157868
39.7000000000001,593.697959529958,401.717493105149,573.887354717448
39.8000000000001,594.440982952279,402.970501831942,575.663262310124
39.9000000000001,595.181956462018,404.232266703559,577.441471160117
40,595.920911968522,405.502980996164,579.221909398328
