"Time [ms]","Steel_1008 [Wb]","Steel_1008_NoEddy [Wb]","SS430 [Wb]"
0,-0,-0,-0
0.1,0.0195035846047722,0.0199283417439034,0.0199166710865445
0.2,0.0388024934803656,0.0397852839492969,0.0397503651058696
0.3,0.0579415358676768,0.0595710865081119,0.0595014373877022
0.4,0.0769422444903772,0.0792860103527043,0.07917024640774
0.5,0.0958167425337084,0.0989303174106395,0.0987571536613082
0.6,0.114573798648106,0.118504270560727,0.11826252354084
0.7,0.133219838734236,0.138008133590301,0.137686723217163
0.8,0.151759965377252,0.15744217115378,0.157030122524611
0.9,0.170198192089927,0.176806648732503,0.176293093850005
1,0.188537677574543,0.196101832595916,0.195476012025593
1.1,0.206780883530633,0.215327989764145,0.214579254226081
1.2,0.224929673558894,0.234485387972057,0.23360319986996
1.3,0.242984923521515,0.253574295634923,0.252548230525406
1.4,0.26094660349332,0.272594981815845,0.271414729821154
1.5,0.278814535344326,0.291547716195168,0.290203083362883
1.6,0.296588687866875,0.310432769042179,0.308913678496534
1.7,0.314269166854145,0.329250411189545,0.327546904024101
1.8,0.331856073292062,0.34800091398494,0.346103150297515
1.9,0.349349507342086,0.366684549074669,0.364582809236853
2,0.366749732867,0.385301588460742,0.382986274126909
2.1,0.384057040351693,0.403852304532371,0.401313939309287
2.2,0.401271558681377,0.422336970069344,0.419566200063788
2.3,0.418393400975416,0.440755858144671,0.437743452663692
2.4,0.435422705139303,0.459109242000416,0.455846094213983
2.5,0.452360220960505,0.477397394940458,0.473874522563667
2.6,0.469207140015451,0.495620590417434,0.491829136248867
2.7,0.485964986367798,0.513779102007317,0.509710334456411
2.8,0.502635437108258,0.531873203311297,0.527518516992482
2.9,0.519220133189856,0.549903167950395,0.545254084211732
3,0.535720591775229,0.567869269552597,0.562917436926346
3.1,0.552138167659096,0.585771781747884,0.580508976162078
3.2,0.568474018798766,0.603610978167336,0.598029103166095
3.3,0.584729163546387,0.621387132411035,0.615478219179269
3.4,0.600904517522812,0.639100518021746,0.632856725446546
3.5,0.617000884151574,0.65675140860742,0.650165023089182
3.6,0.633018946698355,0.674340078350588,0.667403513781996
3.7,0.648959280655667,0.691866801921009,0.684572599586008
3.8,0.664822355269663,0.709331854623937,0.701672683018162
3.9,0.680608567828929,0.726735512408795,0.718704167021078
4,0.696318292920466,0.744078051903243,0.735667454978918
4.1,0.711951867823054,0.76135975051731,0.752562950792786
4.2,0.727509579808455,0.778580886501765,0.769391058753124
4.3,0.742991688977506,0.795741738976006,0.786152183489132
4.4,0.758398468054345,0.812842592481083,0.802846734325865
4.5,0.773730231117376,0.829883723663751,0.819475111856025
4.6,0.788987332383948,0.846865414647812,0.836037720661071
4.7,0.804170157857812,0.863787948703801,0.852534963608431
4.8,0.819279142609367,0.88065161024072,0.868967238467356
4.9,0.834314806388138,0.89745668496796,0.88533493694593
5,0.849277779211525,0.914203459862388,0.901638447673311
5.1,0.864168791506186,0.930892223200275,0.917878156492931
5.2,0.878988621261035,0.947523264599951,0.934054439721319
5.3,0.893738069338234,0.964096875026428,0.950167664373152
5.4,0.90841794603147,0.980613346736253,0.966218192628938
5.5,0.923029054418713,0.997072973068256,0.982206383215944
5.6,0.937572193688378,1.0134760478718,0.998132592256087
5.7,0.952048158595919,1.02982286458143,1.01399717097558
5.8,0.966457738333417,1.04611371575937,1.02980046575969
5.9,0.980801699909364,1.06234889421178,1.04554281997399
6,0.995080775895992,1.07852869354888,1.0612245747496
6.1,1.00929565949283,1.09465340844922,1.07684606955106
6.2,1.02344699553395,1.11072333326998,1.09240764266332
6.3,1.03753537917014,1.12673875945927,1.10790963157471
6.4,1.05156135228639,1.14269997738324,1.12335237338021
6.5,1.06552540211576,1.15860727587636,1.13873620502485
6.6,1.07942796548264,1.17446094241616,1.15406146368511
6.7,1.0932694407564,1.19026126463444,1.16932848693689
6.8,1.10705020153123,1.20600853086325,1.184537612963
6.90000000000001,1.12077060381624,1.22170303072895,1.1996891807304
7.00000000000001,1.13443099253267,1.2373450555639,1.21478353019231
7.10000000000001,1.14803171265597,1.25293489875411,1.22982100243648
7.20000000000001,1.16157311664175,1.26847285603732,1.2448019398684
7.30000000000001,1.17505556804359,1.28395922561589,1.2597266862203
7.40000000000001,1.18847944341368,1.29939430848224,1.27459558693689
7.50000000000001,1.20184513183273,1.31477840861097,1.28940898905804
7.60000000000001,1.2151530377764,1.33011183017553,1.30416724156318
7.70000000000001,1.2284035817605,1.3453948865934,1.318870692387
7.80000000000001,1.24159720342884,1.36062790694219,1.33351969732026
7.90000000000001,1.2547343627839,1.37581119528676,1.34811462619588
8.00000000000001,1.26781553657675,1.39094507189153,1.36265582248608
8.10000000000001,1.28084122437651,1.4060298622698,1.37714363906818
8.20000000000001,1.29381193714916,1.42106589607382,1.39157843001395
8.30000000000001,1.30672820732821,1.43605350722132,1.40596055172532
8.4,1.31959054469185,1.45099303405986,1.42029036227458
8.5,1.33239946828025,1.46588481946797,1.43456822281949
8.6,1.34515549315534,1.48072921095313,1.44879449803585
8.7,1.35785912788111,1.49552656084744,1.46296955620634
8.8,1.3705108742085,1.51027722637423,1.47709376935544
8.9,1.38311122792742,1.52498156893943,1.49116751336431
9,1.39566067874378,1.53963995801045,1.50519116731742
9.1,1.40815971015921,1.55425275673463,1.5191651175976
9.2,1.42060879875365,1.56882034430982,1.53308974634079
9.3,1.43300841263295,1.58334309644086,1.54696545122674
9.4,1.44535900943928,1.59782140270369,1.5607926256174
9.5,1.45766103866783,1.61225565446702,1.5745716757515
9.6,1.46991493914958,1.62664624893767,1.5883030087761
9.7,1.48212114707016,1.64099358946114,1.60198703687169
9.8,1.49428008918693,1.65529808613631,1.61562417737148
9.9,1.50639218121077,1.66956015610644,1.62921485306644
10,1.51845783999178,1.68378022315735,1.64275949240465
10.1,1.53047747416745,1.6979587123999,1.65625852906325
10.2,1.54245148969194,1.71209606854051,1.66971239682078
10.3,1.55438029327541,1.72619273802013,1.68312154740529
10.4,1.56626429481308,1.74024917475951,1.69648643292993
10.5,1.57810390871937,1.75426584102857,1.70980751156584
10.6,1.58989955587909,1.76824320699044,1.72308524832125
10.7,1.60165165836301,1.78218175139896,1.73632011460445
10.8,1.61336065908306,1.79608196867763,1.74951258891431
10.9,1.62502700507456,1.80994434803728,1.76266316397038
11,1.63665115461441,1.82376939508067,1.77577232539731
11.1,1.64823357879799,1.8375576284135,1.78884057358462
11.2,1.65977476044483,1.85130956791062,1.80186842075145
11.3,1.67127519430056,1.86502574941244,1.81485637838086
11.4,1.68273539439032,1.87870671516866,1.82780497274605
11.5,1.69415587042176,1.89235301944067,1.84071473430565
11.6,1.70553714905173,1.90596522912744,1.85358620398008
11.7,1.71687976878564,1.91954391798437,1.86641993152961
11.8,1.72818426962302,1.93308967339486,1.87921647726446
11.9,1.73945119796782,1.94660309228151,1.8919764081162
12,1.75068109966741,1.96008478693778,1.90470030155208
12.1,1.76187452268488,1.97353537928346,1.91738874391171
12.2,1.77303201376357,1.98695550413571,1.93004233421818
12.3,1.78415412009695,2.00034580914402,1.94266168059199
12.4,1.79524138740436,2.01370695503123,1.95524740218053
12.5,1.80629436147042,2.0270396160978,1.96780012851969
12.6,1.81731358632837,2.04034448057177,1.98032049051978
12.7,1.82829960855269,2.05362224051303,1.99280916169889
12.8,1.83925297318451,2.06687362372329,2.00526679662366
12.9,1.85017422575074,2.08009937408414,2.01769406225817
13,1.86106391214807,2.09330022866658,2.03009166957108
13.1,1.8719225792394,2.1064769516415,2.04246030118904
13.2,1.88275077577145,2.1196303243049,2.05480069442566
13.3,1.89354904246473,2.13276114502302,2.06711356941443
13.4,1.90431795796802,2.14587019818033,2.07939966091544
13.5,1.91505806196019,2.15895834991349,2.09165973807244
13.6,1.92576994642707,2.17202645351132,2.10389455944131
13.7,1.9364541778904,2.18507538237157,2.11610492317966
13.8,1.94711133039402,2.1981060297693,2.12829166031296
13.9,1.95774200987195,2.21111930208864,2.14045558448404
14,1.9683468311584,2.22411612218305,2.15259753735552
14.1,1.97892639324926,2.237097468538,2.1647183724093
14.2,1.98948128469335,2.25006431549649,2.17681895550311
14.3,2.000012151647,2.2630176549202,2.18890020493558
14.4,2.01051965428518,2.27595853996358,2.20096301035599
14.5,2.0210044259511,2.28888803527471,2.21300834160797
14.6,2.0314671195066,2.30180722995514,2.22503715968585
14.7,2.04190840062419,2.31471720902831,2.23705045687013
14.8,2.05232894594212,2.32761912632932,2.24904924296552
14.9,2.0627293880227,2.34051415683911,2.26103452391405
15,2.07311046378612,2.35340347172816,2.27300736760419
15.1,2.08347286207735,2.36628838860313,2.28496886112297
15.2,2.09381730737107,2.37917011949807,2.2969200846281
15.3,2.10414452949823,2.39205004394354,2.30886225186918
15.4,2.11445528739555,2.40492943196134,2.32079647675112
15.5,2.12475029578477,2.41780966560993,2.33272402837886
15.6,2.13503032777633,2.43069217363345,2.34464606539658
15.7,2.14529615394244,2.44357841276014,2.35656385131958
15.8,2.15554856206184,2.45646989177901,2.3684786903983
15.9,2.16578834440137,2.46936815802643,2.38039190920513
16,2.17601628792793,2.48227477985136,2.39230487972634
16.1,2.18623328814654,2.49519145500674,2.40421900671025
16.2,2.19644013173081,2.50811992466185,2.41613574932245
16.3,2.20663772352465,2.52106192975623,2.42805656303295
16.4,2.21682687783959,2.53401922472646,2.43998303188851
16.5,2.22700846770411,2.54699375972786,2.45191678517102
16.6,2.2371833931494,2.55998753031784,2.46385936518699
16.7,2.2473525557257,2.5730024782742,2.47581252608909
16.8,2.25751687685433,2.58604073392102,2.48777801672197
16.9,2.26767731044774,2.59910446643678,2.49975768655368
17,2.27783480851407,2.61219593034251,2.51175333272807
17.1,2.28799031465661,2.62531747852861,2.52376691772068
17.2,2.29814487541661,2.63847154092088,2.5358004421702
17.3,2.30829954642665,2.65166063985195,2.54785599502175
17.4,2.31845529303582,2.66488742209399,2.55993573323334
17.4999999999999,2.32861324237265,2.67815464241585,2.57204187779985
17.5999999999999,2.33877449480783,2.69146517783436,2.58417675860846
17.6999999999999,2.34894019805346,2.70482201514425,2.59634279847077
17.7999999999999,2.3591114764988,2.71822824736645,2.60854252895232
17.8999999999999,2.36928952565741,2.73168718685825,2.62077856009065
17.9999999999999,2.37947555782721,2.74520228831993,2.63305359151282
18.0999999999999,2.38967082005501,2.75877714831062,2.64537051323836
18.1999999999999,2.39987660568115,2.77241555088119,2.65773231706038
18.2999999999999,2.41009423371667,2.78612149404745,2.67014212266126
18.3999999999999,2.4203250535628,2.79989918729154,2.68260320361929
18.4999999999999,2.43057047803239,2.81375307643858,2.6951190013172
18.5999999999999,2.44083195452731,2.82768782505503,2.70769313352332
18.6999999999999,2.45111098001702,2.84170847304692,2.72032940626247
18.7999999999999,2.4614090995904,2.85582025261825,2.7330318357364
18.8999999999999,2.47172789426545,2.87002888655291,2.74580462216322
18.9999999999999,2.48206896494881,2.88434028854334,2.75865230351666
19.0999999999999,2.49243403555315,2.89876105336255,2.77157957363248
19.1999999999999,2.50282487137723,2.91329812109221,2.78459156625014
19.2999999999999,2.51324326156576,2.92795893658617,2.79769356149172
19.3999999999999,2.52369107014426,2.94275163583942,2.81089145198585
19.4999999999999,2.53417023489309,2.95768507473925,2.82419141311194
19.5999999999999,2.54468276447007,2.9727688332947,2.83760004856496
19.6999999999999,2.55523073979071,2.98801364149114,2.85112455898634
19.7999999999999,2.56581633329277,3.00343127241798,2.8647727782097
19.8999999999999,2.57644176257462,3.01903489889039,2.87855307852565
19.9999999999999,2.58710944585755,3.0348394491736,2.8924748776549
20.0999999999999,2.59782181643351,3.05076721510611,2.90654843334279
20.1999999999999,2.60858152395691,3.06667486229977,2.92078513583471
20.2999999999999,2.61939128617616,3.08256241383712,2.93519785928347
20.3999999999999,2.63025386235993,3.09842989246916,2.94977140239305
20.4999999999999,2.64117249742768,3.1142773208065,2.96431676127349
20.5999999999999,2.65215035468645,3.13010472134027,2.97883392953025
20.6999999999999,2.66319099851359,3.1459121164395,2.99332289141497
20.7999999999999,2.67429808411782,3.1616995283309,3.00778363042895
20.8999999999999,2.6854757866163,3.17746697908587,3.02221612933467
20.9999999999999,2.6967284291528,3.19321449065064,3.03662037016138
21.0999999999999,2.70806121097417,3.20894208481858,3.05099633421884
21.1999999999999,2.71947979229693,3.22464978322857,3.06534400209468
21.2999999999999,2.73099074242091,3.24033760735572,3.07966335367541
21.3999999999999,2.7426022141888,3.25600557853548,3.09395436812903
21.4999999999999,2.75432414947013,3.2716537179727,3.10821702395033
21.5999999999999,2.76607868711733,3.28728204674004,3.12245129897079
21.6999999999999,2.77783219032705,3.30289058577751,3.1366571703708
21.7999999999999,2.78957353749462,3.318479355892,3.15083461470286
21.8999999999999,2.80129720440424,3.33404837774698,3.16498360792712
21.9999999999999,2.81299991701848,3.34959767186423,3.17910412562962
22.0999999999999,2.82467960465977,3.36512725864071,3.19319614303414
22.1999999999999,2.83633487751715,3.38063715834301,3.20725963490063
22.2999999999999,2.84796477991293,3.39612739109883,3.2212945756578
22.3999999999999,2.85956864509602,3.4115979769,3.23530093935978
22.4999999999999,2.87114600843745,3.42704893558721,3.24927869969292
22.5999999999999,2.88269654914261,3.4424802868559,3.26322782996439
22.6999999999999,2.89422005184459,3.45789205026651,3.27714830309838
22.7999999999999,2.90571638152566,3.47328424523932,3.29104009161537
22.8999999999999,2.9171854624918,3.4886568910294,3.30490316763421
22.9999999999999,2.92862726460562,3.5040100067052,3.31873750285886
23.0999999999999,2.94004179375511,3.51934361113435,3.33254306857755
23.1999999999999,2.95142908409645,3.5346577229563,3.34631983565966
23.2999999999999,2.96278919201572,3.54995236051242,3.36006777455281
23.3999999999999,2.97412219206525,3.56522754173302,3.3737868552789
23.4999999999999,2.98542817363665,3.58048328403315,3.38747704744902
23.5999999999999,2.9967072387731,3.59571960414476,3.4011383202618
23.6999999999999,3.00795949992474,3.61093651793067,3.4147706425131
23.7999999999999,3.01918507774781,3.62613404048968,3.42837398259969
23.8999999999999,3.03038410007543,3.64131218641749,3.44194830852061
23.9999999999999,3.04155670058371,3.65647096989344,3.45549358786517
24.0999999999999,3.05270301768858,3.67161040465209,3.46900978782666
24.1999999999999,3.06382319336096,3.68673050386099,3.48249687523872
24.2999999999999,3.07491737176516,3.70183128012677,3.49595481658466
24.3999999999999,3.08598569871275,3.71691274558794,3.50938357791121
24.4999999999999,3.09702832062484,3.73197491195245,3.52278312489691
24.5999999999999,3.10804538382815,3.74701779051134,3.53615342289382
24.6999999999999,3.11903703453867,3.76204139216335,3.54949443694191
24.7999999999999,3.13000341833672,3.77704572741479,3.56280613177524
24.8999999999999,3.14094467955725,3.7920308063499,3.57608847183699
24.9999999999999,3.15186096114307,3.80699663858162,3.58934142129073
25.0999999999999,3.16275240453298,3.82194323314017,3.60256494403153
25.1999999999999,3.17361914935855,3.83687059820212,3.61575900369282
25.2999999999999,3.18446133346384,3.85177874066123,3.62892356365287
25.3999999999999,3.19527909281003,3.86666766567764,3.64205858705585
25.4999999999999,3.20607256127761,3.88153737703429,3.65516403681449
25.5999999999999,3.21684187059759,3.89638787744794,3.66823987561177
25.6999999999999,3.22758715063894,3.91121916872075,3.68128606594193
25.7999999999999,3.23830852964481,3.92603125184081,3.69430257011497
25.8999999999999,3.24900613451948,3.94082412710421,3.70728935024184
25.9999999999999,3.25968009057292,3.95559779417872,3.72024636827257
26.0999999999999,3.27033052132062,3.97035225215538,3.73317358602171
26.1999999999999,3.28095754834742,3.98508749961747,3.74607096517179
26.2999999999999,3.29156129101424,3.99980353468941,3.75893846726785
26.3999999999999,3.30214186597954,4.01450035506947,3.77177605369979
26.4999999999999,3.31269938685958,4.02917795806491,3.78458368574133
26.5999999999999,3.32323396388203,4.04383634062907,3.79736132457141
26.6999999999999,3.33374570358603,4.05847549934597,3.81010893127891
26.7999999999999,3.34423470860722,4.07309543041409,3.82282646685777
26.8999999999999,3.35470107751712,4.08769612977925,3.83551389222911
26.9999999999999,3.36514490474856,4.1022775931792,3.84817116826223
27.0999999999999,3.3755662808086,4.1168398161934,3.86079825577267
27.1999999999999,3.38596529242101,4.13138279420873,3.87339511556422
27.2999999999999,3.39634202274947,4.14590652247924,3.8859617084365
27.3999999999999,3.40669655172817,4.16041099618623,3.89849799519588
27.4999999999999,3.41702895652386,4.17489621048249,3.91100393664768
27.5999999999999,3.42733931191643,4.18936216051376,3.92347949360299
27.6999999999999,3.43762769068429,4.20380884144416,3.93592462691906
27.7999999999999,3.44789416385707,4.21823624847436,3.94833929750682
27.8999999999999,3.45813880104509,4.23264437687275,3.9607234663335
27.9999999999999,3.46836167073173,4.24703322196032,3.97307709444359
28.0999999999999,3.47856284041608,4.26140277913065,3.98540014295938
28.1999999999999,3.48874237690023,4.27575304384674,3.99769257309185
28.2999999999999,3.49890034651853,4.29008401165315,4.00995434614654
28.3999999999999,3.50903681541213,4.30439567818754,4.02218542355075
28.4999999999999,3.51915184976255,4.31868803916947,4.03438576685694
28.5999999999999,3.52924551610479,4.3329610904032,4.04655533774786
28.6999999999999,3.53931788165089,4.34721482778192,4.05869409805735
28.7999999999999,3.54936901450785,4.36144924721908,4.07080200977613
28.8999999999999,3.55939898385596,4.37566434416912,4.08287903503367
28.9999999999999,3.56940786001686,4.38986011315491,4.09492513615203
29.0999999999999,3.57939571449642,4.40403654810453,4.10694027564084
29.1999999999999,3.58936262000184,4.41819364247521,4.11892441622521
29.2999999999999,3.59930865038785,4.43233138934663,4.1308775208525
29.3999999999999,3.60923388051273,4.44644978147135,4.14279955267799
29.4999999999999,3.61913838607099,4.4605488113258,4.15469047503022
29.5999999999999,3.62902224358112,4.47462847116154,4.16655025150798
29.6999999999999,3.63888553035463,4.48868875303301,4.17837884598542
29.7999999999999,3.64872832447808,4.50272964881479,4.19017622260523
29.8999999999999,3.65855070479006,4.51675115018331,4.20194234578262
29.9999999999999,3.66835275089722,4.53075324862312,4.21367718023245
30.0999999999999,3.67813454320705,4.54473593540168,4.2253806909464
30.1999999999999,3.68789616292841,4.5586992015074,4.23705284322495
30.2999999999999,3.69763769202685,4.5726430375349,4.24869360267117
30.3999999999999,3.70735921314552,4.58656743354448,4.26030293520072
30.4999999999999,3.71706080940773,4.60047237884808,4.27188080703261
30.5999999999999,3.72674256420522,4.61435786187901,4.28342718474817
30.6999999999999,3.73640456091021,4.62822387045565,4.2949420353227
30.7999999999999,3.74604688261749,4.64207039191745,4.30642532610322
30.8999999999999,3.75566961193015,4.65589741321931,4.31787702472721
30.9999999999999,3.76527283074162,4.66970492103486,4.32929709920842
31.0999999999999,3.77485662008488,4.6834929017883,4.34068551798231
31.1999999999999,3.7844210600138,4.69726134171618,4.35204224984545
31.2999999999999,3.79396622953311,4.71101022681704,4.36336726399061
31.3999999999999,3.80349220655367,4.72473954268852,4.3746605299759
31.4999999999999,3.81299906789859,4.73844927458252,4.38592201779619
31.5999999999999,3.82248688927123,4.7521394074778,4.39715169784609
31.6999999999999,3.83195574527973,4.76580992613151,4.40834954096588
31.7999999999999,3.84140570944207,4.77946081513519,4.41951551839058
31.8999999999999,3.85083685425187,4.79309205890778,4.43064960169576
31.9999999999999,3.86024925122053,4.8067036417484,4.44175176283569
32.0999999999999,3.86964297095559,4.82029554782756,4.45282197415713
32.1999999999999,3.87901808322949,4.83386776122536,4.46386020839316
32.2999999999999,3.88837465698721,4.84742026592269,4.47486643863183
32.3999999999999,3.89771276034982,4.86095304577664,4.48584063820979
32.4999999999999,3.90703246060335,4.87446608446596,4.49678278064115
32.5999999999999,3.91633382418014,4.88795936544431,4.5076928395608
32.6999999999999,3.92561691659773,4.90143287178111,4.5185707885297
32.7999999999999,3.93488180237621,4.91488658581283,4.52941660058188
32.8999999999999,3.9441285449417,4.92832048821716,4.54023024791806
32.9999999999999,3.95335720652292,4.94173455762647,4.55101170135628
33.0999999999999,3.96256784805077,4.95512877139135,4.56176092961961
33.1999999999999,3.97176052905317,4.96850310581402,4.57247789862786
33.2999999999999,3.98093530756452,4.98185753631789,4.58316257206709
33.3999999999999,3.99009224002434,4.9951920375895,4.59381491222942
33.4999999999999,3.99923138122834,5.00850658369096,4.60443488028495
33.5999999999999,4.0083527842972,5.02180114811778,4.61502243657903
33.6999999999999,4.01745650068755,5.03507570385589,4.62557754083736
33.7999999999999,4.02654258017452,5.04833022344446,4.63610015227966
33.8999999999999,4.03561107095375,5.06156467899095,4.64659022971712
33.9999999999999,4.04466201970236,5.07477904217784,4.65704773157141
34.0999999999999,4.05369547169147,5.08797328424897,4.66747261574903
34.2,4.0627114709251,5.10114737589265,4.67786483924397
34.3,4.07171006027395,5.11430128710198,4.68822435803563
34.4,4.08069128163435,5.1274349869175,4.69855112743454
34.5,4.08965517608493,5.14054844311451,4.70884510228931
34.6,4.09860178403222,5.15364162171597,4.71910623713205
34.7,4.10753114539984,5.16671448666877,4.72933448635691
34.8,4.11644329977746,5.17976699999322,4.73952980430574
34.9,4.12533828658918,5.1927991217656,4.74969214537929
35,4.13421614528109,5.20581081011139,4.75982146409875
35.1,4.14307691546242,5.21880202119868,4.76991771520444
35.2,4.15192063707352,5.23177270923603,4.77998085370543
35.3,4.16074735058653,5.24472282648385,4.79001083490725
35.4,4.16955709714471,5.25765232311986,4.80000761409573
35.5,4.17834991866767,5.27056114714444,4.80997114699495
35.6,4.18712585791595,5.28344924422555,4.819901389687
35.7,4.1958849585512,5.29631655755271,4.82979829855494
35.8,4.20462726515424,5.3091630278737,4.83966183025043
35.9,4.21335282318811,5.32198859347328,4.84949194175649
36,4.22206167894697,5.33479319023161,4.85928859040587
36.1,4.23075387952041,5.34757675162117,4.86905173398851
36.2,4.23942947276259,5.36033920872292,4.87878133074522
36.3,4.2480885072587,5.37308049015388,4.88847733942007
36.4,4.25673103227147,5.38580052211332,4.89813971923316
36.5,4.26535709770019,5.39849922839922,4.90776842988538
36.6,4.27396675403162,5.41117653049281,4.91736343149221
36.7,4.28256005228686,5.42383234767305,4.92692468459165
36.8,4.29113704395017,5.43646659703384,4.93645215009351
36.9,4.29969778090617,5.44907919395443,4.94594578879696
37,4.30824231538289,5.46167005269904,4.95540555859246
37.1,4.31677069988348,5.47423908760752,4.96483140781151
37.2,4.32528298710582,5.48678621472293,4.97422327964633
37.3,4.33377922985852,5.4993113531574,4.98358111445241
37.4,4.34225948096099,5.51181442299188,4.9929048506088
37.5,4.35072379312498,5.52429534268812,5.00219442511962
37.6000000000001,4.35917221888229,5.53675402760098,5.0114497739789
37.7000000000001,4.36760481047102,5.54919039029205,5.02067083259339
37.8000000000001,4.37602161972948,5.56160434028769,5.02985753595659
37.9000000000001,4.38442269800319,5.57399578372704,5.03900981897912
38.0000000000001,4.39280809606575,5.58636462307087,5.04812761655534
38.1000000000001,4.40117786407173,5.59871075678123,5.057210863838
38.2000000000001,4.40953205156316,5.61103407909501,5.06625949634748
38.3000000000001,4.41787070745693,5.62333447935488,5.07527345015855
38.4000000000001,4.42619388004754,5.6356118422411,5.08425266199677
38.5000000000001,4.43450161701335,5.64786604862464,5.09319706932481
38.6000000000001,4.44279396543632,5.66009697604402,5.10210661045571
38.7000000000001,4.45107097182918,5.67230449834296,5.11098122463941
38.8000000000001,4.45933268216352,5.68448848551837,5.11982085216752
38.9000000000001,4.467579141908,5.69664880357649,5.12862543441494
39.0000000000001,4.47581039606203,5.70878531454475,5.13739491390327
39.1000000000001,4.48402648919639,5.72089787632369,5.1461292343196
39.2000000000001,4.49222746549872,5.73298634266325,5.15482834051909
39.3000000000001,4.50041336876198,5.74505056320145,5.16349217864008
39.4000000000001,4.50858424238282,5.75709038342761,5.17212069612402
39.5000000000001,4.51674012934457,5.76910564458888,5.18071384169193
39.6000000000001,4.52488107219123,5.78109618376195,5.18927156532877
39.7000000000001,4.53300711300063,5.79306183389983,5.19779381823441
39.8000000000001,4.54111829334158,5.80500242386318,5.20628055298822
39.9000000000001,4.54921465421233,5.81691777852911,5.214731723565
40,4.55729623597297,5.82880771890916,5.22314728537704
